{"c132": "Words with no clear label.", "c76": "Pronouns.", "c205": "Leadership and Management", "c376": "The label that best describes the list of words is \"Words related to focus and targeting\".", "c359": "Adverbs of Approximation", "c216": "Interrogative Pronouns and Adverbs", "c292": "Education and Training.", "c459": "Random collection of words.", "c70": "Keywords related to difficult situations and crises.", "c120": "Cities and Regions", "c271": "Descriptive adjectives and compound modifiers.", "c306": "Building Materials", "c332": "Animal Parts and Armor", "c4": "Actions involving holding, securing, or attaching objects: \"Grips, Anchored, Strapped, Pinned, Binding, Tied, Clutching, Attached, Gripped, Hooked, Bound, Grasp, Strap, Lash, Seizing, Pin, Lashed, Attach, Tying\".", "c137": "Directional words.", "c102": "Outdoor Spaces.", "c103": "Keywords related to cultural heritage and identity.", "c501": "Proximity/Distance.", "c367": "List of months.", "c370": "List of numbers.", "c431": "Numerical values.", "c124": "Age groups.", "c309": "Types of Pairings/Groupings in a Competition or Event.", "c496": "The label that best describes the list of words is \"trading and exchange of shares\".", "c504": "\"Synonyms for 'first' or 'beginning'\"", "c358": "Expressions of Affection and Joy", "c246": "Technology devices and accessories.", "c136": "Label: Describing/Recording/Highlighting/Defining/Identifying/Outlining/Documenting Details", "c298": "Temporal adverbs and conjunctions.", "c225": "Size and distance adjectives.", "c135": "Time-related words.", "c558": "Food and Beverage Items.", "c144": "Possible label: Collection of media-related terms (including video, footage, scene, clip, page, chapter, passage, pic, snapshot, photoshoot, etc.)", "c340": "Frequent use of speech verbs.", "c321": "Pronouns and determiners.", "c183": "Work and Employment-related Vocabulary.", "c541": "\"Numerous\"", "c193": "The label that best describes the list of words is \"Verbs of Movement and Transportation\".", "c507": "Networking/Connections", "c579": "Label: Terrorism and Insurgency Groups", "c206": "Target audience", "c126": "Words with varying degrees of quantity or amount.", "c71": "Spatial prepositions.", "c283": "Middle Eastern conflicts", "c372": "List of words with various forms of the verb \"to be\" and its contractions.", "c117": "Keywords related to digital media and file management.", "c256": "Legal Issues/Convictions/Imprisonment", "c522": "Conjunctions.", "c83": "Nationalities and Countries.", "c567": "Possible label: \"List of words related to bridges and crossings\"", "c596": "Names", "c537": "The label that best describes the list of words is \"Variations of the word 'add'\".", "c146": "Positive Adjectives.", "c154": "Words related to knowledge and understanding.", "c7": "Categorization/Classification.", "c499": "Action verbs.", "c231": "Describing this list of words with a single label is difficult, as the words seem to be unrelated and do not form a coherent theme. However, if I had to choose a label, I would say \"random words\" or \"unrelated words\".", "c54": "Indefinite pronouns.", "c417": "Media Types", "c162": "\"Planning and Organization\"", "c27": "Words related to causing or influencing: cause, affect, caused, prompting, causing, triggered, sparked, impact, influenced, spurred, surrounded, induced, motivated, provoked, spearheaded, headed, hosted, ignited, stimulated, assisted, chaired, flanked, powered, fronted.", "c23": "Adjectives describing frequency and type of occurrence.", "c311": "Nobility and Royalty.", "c69": "This list does not have a clear and concise label as it appears to be a random collection of words and phrases.", "c16": "Entertainment and Awards.", "c299": "Color names.", "c452": "Animal names.", "c47": "Words related to storytelling and music.", "c202": "Types of written and spoken content, including commentary, documentary, essay, statement, column, remarks, biography, interview, speech, piece, editorial, autobiography, articles, briefing, keynote, biopic, retrospective, lecture, sermon, memorandum, compilation, and diary.", "c232": "Modal Verbs", "c326": "Words related to leaving and departing.", "c125": "Descriptive words for wealth and productivity.", "c51": "Describing the list of words with a single label is difficult as the words are not related to a specific context or category. However, some possible labels could be: abandoned, vacant, locked, dissolved, bankrupt, dormant, liberated, dilapidated, etc.", "c426": "Identity and Profile Labels", "c130": "FAILED REQUEST", "c182": "Verbs indicating ongoing action or state.", "c413": "Keywords related to intelligence gathering and surveillance.", "c138": "Actions involving throwing or putting objects.", "c188": "Keywords related to transportation services and their operations.", "c133": "Cultural Institutions", "c67": "List of first names.", "c10": "Religious and Educational Institutions", "c401": "Medical terms.", "c230": "Medical treatments and procedures.", "c3": "Keywords related to reporting, sources, information, evidence, data, documents, testimony, and paperwork.", "c171": "Fruits, Vegetables, Grains, Herbs, Spices, Nuts, Seeds, Trees, Flowers, Crops", "c351": "Frequency Labels", "c191": "List of names.", "c185": "The label that best describes the list of words is \"Skills, Technology, Talents, Expertise, Capabilities, Prowess\".", "c438": "Verbs of Transformation.", "c502": "Desirable/Undesirable", "c371": "Geographic Locations.", "c528": "Label: Words indicating newness or recency.", "c480": "Time units.", "c141": "Horror/Scary/Spooky Labels", "c387": "Cardinal directions and their variations.", "c73": "Possible label: Words related to covering, caps, shields, and frames.", "c583": "Geographical subdivisions (including towns, counties, cities, provinces, boroughs, townships, municipalities, and prefectures).", "c1": "Furniture and Building Fixtures.", "c215": "Weather-related terms.", "c2": "Indefinite pronouns", "c336": "Time of Day.", "c284": "Actions related to eating and drinking.", "c166": "Mental Processes/States", "c38": "The label that best describes this list of words is \"Interjections and Greetings\".", "c430": "Religious terms and places.", "c14": "Keywords related to healthcare, safety, security, ethics, welfare, and pensions.", "c539": "Educators", "c46": "Gendered nouns", "c385": "Clothing and Accessories", "c398": "Label: Communication actions (telling, reminding, notifying, informing, alerting)", "c95": "Conversation and Rumors.", "c302": "List of male names", "c160": "List of Proper Nouns", "c42": "List of names and political figures.", "c328": "Business Consulting/Advisory Services", "c97": "Words indicating degree or intensity.", "c66": "Words expressing relationships and connections.", "c61": "Descriptive words with no clear label.", "c490": "List of names.", "c249": "Variety and Diversity.", "c60": "Keywords or Buzzwords", "c285": "Connective words and phrases.", "c0": "Action Verbs.", "c30": "Negative adjectives.", "c392": "Financial Transactions/Activities", "c173": "Destruction.", "c380": "Descriptive labels are difficult to assign to this list of words as they appear to be a random collection of nouns.", "c221": "The label that best describes this list of words is \"Event Status\".", "c149": "International Organizations and Agencies", "c145": "Nouns referring to living beings (humans, animals, organisms, etc.) and related terms.", "c15": "Sports positions/roles/positions in a team.", "c35": "Descriptive words.", "c527": "Ethnicities and Nationalities", "c488": "Occupations/Job Titles", "c127": "List of surnames.", "c410": "Sports terminology.", "c57": "List of cities and regions.", "c365": "Sports statistics.", "c158": "Verbs related to gaining or obtaining something.", "c280": "Ordinal numbers.", "c6": "Words related to direction and guidance.", "c87": "List of words related to winning and losing.", "c32": "Descriptive words for location and placement.", "c399": "List of names.", "c204": "Conflict/Dispute/Incident/Clash/Collision/Crash/Feud/Rivalry/Showdown/Brawl/Duel/Confrontation/Disagreement/Quarrel.", "c455": "Positive Emotions", "c535": "Action/Adventure", "c362": "Action Verbs.", "c49": "Criminal Offenses", "c368": "English Counties and Regions.", "c288": "This list of words is related to various types of governing bodies and committees.", "c353": "Types of Legal and Educational Documents", "c479": "Negative emotions/feelings.", "c449": "Words that describe showcasing or displaying something.", "c521": "The label that best describes the list of words is \"Occurrences of the words 'case', 'cases', 'instance', 'examples', and 'exceptions'\".", "c176": "Keywords related to urban and rural areas, as well as different types of capitals and metropolitan areas.", "c107": "Movement/Relocation", "c258": "The label that best describes this list of words is \"Signaling and Detection\".", "c178": "Military Terminology", "c382": "Indicating uncertainty or doubt.", "c327": "Label: Communication/Interactions", "c563": "Emotional Pain", "c86": "Descriptive labels are difficult to assign to this list of words as they seem to be random and unrelated.", "c152": "Nouns for Quantities or Amounts.", "c444": "Random words.", "c219": "Keywords related to history, nostalgia, and classic styles.", "c250": "Possible label: \"Housing and Accommodation\"", "c210": "Family Relationships", "c363": "Performers", "c100": "Appearance-related verbs and nouns.", "c460": "Sports Events and Competitions.", "c56": "Describing the list of words with a single label is difficult as the words seem to be unrelated. However, if I had to choose one label, it would be \"Adjectives\".", "c329": "Age Labels", "c586": "The label that best describes the list of words is \"Variations of the verb 'take' in different tenses and forms\".", "c406": "Violence and Death.", "c349": "Descriptive words without context.", "c78": "Social Relationships", "c489": "This list of words does not have a clear label as it appears to be a random assortment of symbols, characters, and words.", "c82": "This list of words does not have a clear and concise label as it appears to be a random collection of words and acronyms.", "c414": "The label that best describes the list of words is \"Financial Support\".", "c471": "US and Canadian States and Provinces", "c207": "Descriptive labels for the list of words could be: \"Adjectives and Nouns used to describe importance and hierarchy\".", "c591": "Legal System Terminology", "c13": "Numerical data.", "c242": "Descriptive words and phrases.", "c423": "\"Border-related terms\"", "c457": "The label that best describes the list of words is \"Synonyms for Results/Effects/Consequences/Impacts/Outcomes\".", "c265": "Words related to changes in quantity or quality: increase, decrease, boost, reduce, improvement, worsening, strengthening, weakening, escalation, decline, ease, enhance, amplify, alleviate, relieve, maximize, minimize, intensify, diminish, soften, harden, tighten, loosen.", "c262": "Keywords related to improving or restoring something: renovation, repair, overhaul, upgrading, modernization, restoration, rebuilding, redevelopment, refurbishment, renewal, recovery, resurgence, regaining, reclaiming, salvaging, reviving, redesigning, restarting, continuation, comeback, reconstruction, regenerating, recapturing, resurrecting, repairing.", "c373": "Asset Types", "c22": "Measurement and Pricing Terminology.", "c384": "Comparative Adjectives", "c525": "Verb - Make", "c505": "Descriptive words for things that are well-known and highly regarded.", "c74": "Keywords for this list could be: \"Technology\", \"Automation\", \"Robotics\", \"Artificial Intelligence\", \"Virtual Reality\", \"Cybersecurity\", \"Electronics\", \"Digitalization\", \"Indoor/Outdoor/Underground/Offshore/Submerged/Aerial Environments\".", "c44": "Geography/Topography.", "c184": "Design and Architecture Professions/Fields.", "c559": "Uncertainty/Skepticism", "c134": "The label that best describes this list of words is \"Vocabulary\".", "c446": "Currency symbols and names.", "c72": "Development and Growth.", "c153": "Keywords related to policies, programs, projects, initiatives, strategies, methodologies, techniques, procedures, schemes, tactics, mechanisms, algorithms, protocols, and plans.", "c538": "Descriptive words for luxury and high-end products and services.", "c189": "Temporal Adverbs", "c277": "Substance abuse.", "c411": "Descriptive words.", "c520": "Age-related terms.", "c164": "\"Modifications\"", "c312": "The label that best describes this list of words is \"Death and Burial\".", "c402": "Label: Words related to explaining, justifying, and giving reasons or excuses.", "c161": "Proper nouns.", "c439": "Abbreviations and acronyms.", "c11": "Descriptive labels are difficult to assign to this list of words as they appear to be random and unrelated.", "c338": "Geography/Location Labels", "c243": "List of titles and positions in government and organizations.", "c63": "Media Companies", "c9": "Words related to expectations, projections, and hopes.", "c440": "Hand-related words.", "c211": "Government and Administration.", "c12": "Termination/Removal/Dismissal", "c396": "Voting and Elections.", "c131": "Describing this list with a single label is difficult as it contains a diverse range of words. However, some possible labels could be: \n- Adjectives describing frequency (e.g. common, rare, prevalent, usual, uncommon)\n- Adjectives describing nature (e.g. natural, wild, indigenous, conventional)\n- Adjectives describing tradition (e.g. traditional, customary, typical)\n- Adjectives describing state (e.g. live, raw, normal)", "c404": "The label that best describes the list of words is \"Risk, Hazard, Threat, Danger, Menace\".", "c234": "Keywords related to scientific research and analysis.", "c34": "Related/Associated Terms", "c155": "The label that best describes the list of words is \"miscellaneous\".", "c391": "Sports teams.", "c308": "Verbs related to movement.", "c466": "List of male first names.", "c566": "Last names.", "c435": "Sports scores or results.", "c318": "List of cities and locations.", "c187": "Law Enforcement", "c464": "Keywords related to belief, trust, faith, and conviction.", "c203": "Adverbs expressing degree or intensity.", "c293": "Actions of grabbing, catching, picking, scooping, and snatching.", "c105": "Metals and Precious Stones", "c45": "Victims, offenders, prisoners, veterans, asylum-seekers, shooters, attackers, predators, survivors, detainees, arrivals, intruders, murderers, snipers.", "c18": "Describing this list with a single label is difficult, as it contains a diverse range of words. However, a possible label could be \"Nouns related to various fields and topics\".", "c325": "Decades and centuries.", "c123": "Political ideologies and movements.", "c143": "Group Labels", "c493": "Liquid-related actions/verbs.", "c31": "Legal and Justice-related terms.", "c180": "Assorted Vocabulary", "c588": "List of female names.", "c517": "Writing-related actions.", "c235": "News and Business-related terms.", "c511": "Crowd/Traffic", "c355": "Keywords related to foundations, balancing, and momentum.", "c477": "Dependency/Dependence/Reliance/Reliance on something else.", "c462": "Days of the week.", "c291": "Modal Verbs and Auxiliary Verbs", "c172": "\"Readiness and Preparation\"", "c24": "Event-related words", "c81": "Keywords related to difficulties and challenges.", "c190": "Descriptive words and phrases.", "c275": "Abstract concepts.", "c289": "Education/Training Levels and Roles", "c497": "Assistance/Aid/Relief/Help", "c174": "Words related to perception and experience.", "c201": "Keywords related to the natural environment and its components.", "c316": "Reflexive pronouns.", "c345": "Performing Arts.", "c307": "Countries in Europe and North America.", "c213": "Keywords or Topics.", "c422": "List of years.", "c109": "Science and Astronomy-related topics.", "c576": "Repetition of the word \"end\" and related words.", "c395": "Superlatives", "c226": "Frequency Adverbs", "c55": "Verbal commitments and announcements.", "c350": "List of words related to proposals, bids, applications, and submissions.", "c157": "Negative sentiment.", "c303": "Negative words.", "c419": "Verbs", "c341": "Numerical values.", "c279": "Financial Terms", "c37": "Occurrences or Happenings", "c99": "Famous names.", "c432": "Success/Failure", "c43": "Restrictions and Prohibitions.", "c142": "Attempts/efforts to search/seek/try/endeavour.", "c104": "\"Actions related to building, launching, and implementing projects/products\"", "c75": "Language labels (possibly German)", "c352": "List of years.", "c342": "Religious labels.", "c267": "Business/Industry Labels", "c237": "Titles and Honorifics.", "c333": "Economic and Financial Terminology", "c58": "Fluctuations in value or quantity.", "c554": "Travel and Tourism.", "c112": "Disposition.", "c346": "Financial Transactions", "c214": "Payment-related actions and responsibilities.", "c218": "List of words related to various types of organizations and institutions.", "c89": "Descriptive words without context.", "c186": "Suffering and Survival.", "c343": "Descriptive words and phrases.", "c347": "Geographical Scope.", "c129": "Data Collection/Analysis/Review.", "c245": "Wellness/Leisure/Recreation/Entertainment/Convention", "c98": "Negative Adjectives", "c451": "Descriptive statistics.", "c388": "Label: Certainty/Assurance.", "c356": "Positive Adjectives", "c597": "Cricket Terminology", "c551": "Transformation/Conversion Verbs.", "c84": "Words indicating damage or failure, such as \"broke\", \"break\", \"crack\", \"snap\", \"burst\", \"popped\", \"flashed\", and \"splash\".", "c8": "Legal Terminology.", "c503": "Label: Synonyms of \"start\" and \"beginning\"", "c278": "Numerical quantities", "c177": "Miscellaneous words", "c458": "The label that best describes the list of words is \"Words related to disclosure and admission\".", "c209": "Miscellaneous items and substances.", "c296": "Keywords related to protection and defense.", "c454": "Title: List of Job Titles/Ranks", "c167": "Negative emotions", "c101": "Label: Verbs related to providing and delivering goods or services.", "c448": "Keywords related to Duties, Responsibilities, Commitments, Obligations, Tasks, Appointments, Urgency, Scrutiny, Loyalty, and Interests.", "c305": "Positive sentiment towards the word \"love\" and its variations.", "c91": "Media Outlets", "c233": "Adverbs of degree and specificity.", "c433": "Emotions and Economic Conditions", "c484": "This list of words does not have a clear and concise label as it appears to be a random collection of acronyms, abbreviations, and words.", "c236": "There is no clear and concise label that can describe this list of words as they are too diverse and do not share a common theme.", "c344": "Keywords related to technology and internet.", "c33": "Actions related to movement and arrangement of objects.", "c276": "Action verbs.", "c456": "Sports stages/rounds.", "c41": "Desire and Ambition.", "c5": "Alphanumeric and Roman Numeral Labels.", "c405": "List of cities", "c200": "Urban Landscapes.", "c516": "Conflict/Fighting.", "c121": "Keywords related to emergency and lighting.", "c463": "Toxicology.", "c562": "Keywords: carbon, climate, environmental, solar, emissions, fossil, atmospheric, greenhouse, renewable.\n\nLabel: Environmental and Climate-related Keywords.", "c420": "Medical terms and pharmaceuticals.", "c536": "Labels: Unknown, Stranger, Outsider, Insider, Anonymous, Unidentified, Unnamed, Newcomer, Unspecified, Undisclosed.", "c268": "Types of establishments in the hospitality industry (e.g. hotels, restaurants, bars, cafes, resorts, inns, taverns, pubs, motels, casinos).", "c48": "Legal Proceedings.", "c19": "Adverbs describing manner.", "c269": "Keywords related to regulation, oversight, control, and governance.", "c323": "Adverbs", "c197": "Sensory experiences (involving smell, taste, sound, and touch)", "c476": "Memory-related verbs.", "c169": "Legal and Medical Professionals", "c114": "\"Data tracking and organization\"", "c94": "Keywords related to various aspects of event management, such as admission, counseling, tickets, reserve, attendance, recruitment, bonding, entry, reductions, membership, payroll, fundraising, turnover, maintenance, morale, quota, literacy, inventory, drainage, servicing, retention, networking, encryption, ventilation, and surplus.", "c119": "Action verbs related to addressing and confronting an issue or problem.", "c512": "Emotional states", "c394": "Label: \"Problem-solving\"", "c168": "Sports", "c26": "Competition and Winning.", "c575": "Emotions/Feelings (fear, worried, concerned, terrified, cautious, scared, afraid, etc.)", "c424": "Energy sources.", "c561": "Descriptive words with no clear label.", "c322": "Naming/Calling/Labeling/Branding/Marketing/Advertising/Entitling/Headlining/ Billing/ Dubbing/ Renaming/ Hailing/ Nicknaming/ Titling", "c29": "Transportation modes.", "c553": "Textiles", "c253": "Interior Design.", "c257": "Charitable Giving", "c53": "Descriptive words.", "c239": "Nouns.", "c118": "Describing weather conditions.", "c297": "Substances/Chemicals", "c80": "Body Parts", "c281": "Violence/Weapons", "c465": "Sports positions/roles", "c229": "Proper nouns", "c270": "Election-related terms.", "c65": "The label that best describes this list of words is \"Negative Response/Action\".", "c474": "Describing words for light and sound.", "c447": "Numerical data.", "c500": "\"Mathematical Expressions and Concepts\"", "c508": "Legal accusations and charges.", "c264": "Words related to commitment, dedication, contribution, and devotion.", "c450": "Label: Investigation/Forensics.", "c486": "Animal Reproduction", "c334": "Keywords related to activism, advocacy, lobbying, opposition, resistance, and objections.", "c582": "Occupational Personnel", "c224": "Sports Participants", "c361": "Label: Involvement/Engagement/Intervention/Interference in some activity or event.", "c330": "Words related to various forms of communication and competition.", "c436": "Types of Correspondence", "c156": "Alcoholic beverages", "c519": "Community members.", "c491": "Repetitive use of the word \"including\" and related words.", "c514": "Agriculture/Farming Labels", "c498": "List of names.", "c393": "Random list of names and words.", "c194": "The label that best describes this list of words is \"Publishing/Production\".", "c570": "Words related to symbols and signs.", "c52": "Negotiations/Peace Talks/Contracts/Deals/Agreements/Arbitration", "c79": "Describing this list of words with a label is difficult as it appears to be a random collection of words without any clear theme or context.", "c407": "Social unrest.", "c165": "Keywords related to making a choice or decision.", "c68": "Famous personalities and characters.", "c179": "Geographic locations", "c199": "Event attendance.", "c266": "Geographical and Administrative Units", "c301": "Labels: law enforcement, government officials, executives, specialists, agents, experts, professionals, operatives, technicians, practitioners.", "c470": "Unlabeled list of words.", "c247": "Deception", "c453": "Adverbs of time and manner.", "c217": "Marketplace/Trading Platform Terminology", "c319": "Adverbs of degree/intensity.", "c599": "Movement", "c531": "Keywords related to negative events and actions.", "c375": "Emotional sounds and reactions.", "c122": "Label: Human Rights Abuses", "c510": "Mergers and Acquisitions", "c478": "Adverbs of manner and degree.", "c106": "Controversy/Controversial", "c175": "Keywords related to truth, honesty, and reality.", "c25": "Keywords", "c389": "Emotions and Attributes.", "c317": "Verbs related to achieving and completing tasks.", "c304": "Advertising/Marketing Promotion", "c429": "Sports and Events.", "c223": "List of random words.", "c594": "Label: Actions related to maintaining, preserving, and restoring.", "c320": "Label: Business-related roles and professions.", "c532": "Possibilities/Opportunities/Chances/Odds/Options/Probability", "c273": "List of Labels: 'winner', 'winners', 'contestant', 'participants', 'champion', 'champ', 'defendants', 'contestants', 'respondents', 'plaintiffs', 'finalists'", "c147": "Awards and Titles.", "c468": "Visual Art", "c212": "Cooking and Food", "c62": "Words related to comparison and similarity.", "c481": "Words related to indicating or suggesting something.", "c108": "Keywords related to Law, Politics, Social, Personal, Commercial, Civil, Criminal, Civic, Amateur, Professional, Legal, Public, and Law Enforcement.", "c369": "Relationships", "c386": "List of years.", "c195": "Labels: versions, edition, installment, translation, translate, rendition, interpreting, replica, copies, clone, remake, iteration, interpreter, incarnation.", "c529": "List of universities.", "c482": "Words related to ownership, possession, and inhabitation.", "c550": "Keywords related to the human psyche and emotions.", "c313": "Last names.", "c560": "Immigration-related Terminology", "c379": "Labels: warning, advice, discouraged, encourage, feedback, cautions, guidance, encouragement, instructions, urged, recommends, lessons, input, instructs, supervision, advises, precautions, discourage.", "c282": "Political and social issues and ideologies.", "c88": "Keywords related to dating and pursuit.", "c287": "Modes of Transportation", "c475": "Mixing/Blending Combinations", "c513": "Keywords related to life, career, living, residing, and livelihood.", "c300": "Negative criticism.", "c163": "Labels: Politics, Government, Legislators, Parliament, Congress, Senators, Representatives, Presidential, Judiciary, Delegates, Troopers, Gubernatorial, Mayoral.", "c542": "Discovery/Uncovering.", "c533": "Keywords related to value, worth, benefit, advantage, privilege, fortune, reputation, fame, significance, prominence, notoriety, disadvantage, and prestige.", "c403": "Retail and Wholesale Stores and Warehouses.", "c227": "Keywords related to animal husbandry and farming.", "c17": "Injuries and Disabilities.", "c59": "Usage/Utilization", "c255": "List of words with no clear label.", "c552": "Sports Leagues", "c198": "Difficulty/Level of Difficulty", "c315": "List of car and airplane brands.", "c593": "Toy and Model Related Words", "c181": "Transportation modes and infrastructure.", "c295": "This list of words does not have a clear and concise label as it appears to be a random assortment of words without any discernible pattern or theme.", "c294": "Body Positions", "c523": "The label that best describes the list of words is \"Legal Terminology\".", "c192": "Space Exploration Terms", "c148": "Nationalities/Origins", "c339": "Sales and Marketing.", "c492": "Labels: Various types of lines and helplines.", "c524": "Molecular Biology.", "c110": "Wildfire", "c150": "Animal and Insect Names", "c263": "Units of Measurement.", "c222": "Possible label: Variety of activities and events.", "c428": "Size and Importance.", "c549": "List of football teams.", "c572": "Marine/Oceanic Vocabulary", "c260": "Water bodies.", "c335": "City names", "c331": "Descriptive label: List of Phrasal Verbs and Compound Nouns.", "c544": "Marine Wildlife and Seafood.", "c139": "Recreational activities.", "c64": "Occasions and meals.", "c469": "\"Rescue and Save actions\"", "c93": "Physical Actions", "c547": "Descriptive nouns.", "c128": "Descriptive words.", "c381": "Numerical Data", "c443": "Human Rights and Liberties.", "c113": "Twitter-related terms.", "c400": "Relationships and Marriage.", "c116": "Assorted Tools and Objects", "c543": "Seasons", "c378": "Technology-related words.", "c36": "Verbs related to carrying and holding.", "c314": "Transportation Delays", "c196": "Communication-related terms.", "c418": "Medical Conditions and Diseases", "c441": "\"Goal-oriented language\"", "c427": "List of surnames.", "c241": "Words related to repetition and expression.", "c111": "Event Roles/Positions", "c445": "Expressions of gratitude, apology, regret, and forgiveness.", "c555": "Photography-related terms.", "c96": "Action Verbs", "c240": "Collaboration/Partnership", "c415": "City names", "c21": "Natural Landforms", "c568": "Names of places and people.", "c252": "Containers", "c254": "Religious Campaigning and Prayer", "c416": "This list of words does not have a clear and concise label as it appears to be a random collection of letters and abbreviations.", "c228": "Walking-related actions.", "c310": "Religious figures and positions.", "c472": "Color-related terms.", "c580": "European Cities and Regions", "c556": "Measurement and Analysis.", "c518": "Media Broadcasting.", "c509": "Keywords related to legal proceedings and disputes.", "c408": "The label that best describes the list of words is \"Verbs related to perception (watching, listening)\".", "c159": "Human Rights Violations", "c530": "Words related to size change.", "c92": "Health and Wellness.", "c248": "Actions involving cutting or removing material from an object or surface.", "c286": "Words related to handling, reproducing, matching, mimicking, resembling, exploiting, manipulating, accommodating, withstanding, and leveraging.", "c220": "Sports teams and related terms.", "c592": "Comedy/Humor.", "c590": "Words related to referencing and citing.", "c434": "Journalists", "c28": "Chemicals and related terms.", "c595": "Family Members", "c39": "Names of people and some miscellaneous words.", "c540": "Nautical Actions", "c546": "Surnames with the prefix \"Mc\"", "c578": "Keywords or Phrases.", "c577": "Physical Movement", "c140": "It is difficult to provide a label for this list of words as they seem to be a random collection of letters and names with no clear theme or category.", "c574": "This list of words does not have a clear and concise label as it appears to be a random collection of Welsh words and place names.", "c357": "Adverbs of Time", "c251": "Names", "c573": "Motivational Rewards and Punishments", "c377": "Countries", "c515": "International Diplomacy.", "c374": "Action words related to permission and prevention.", "c506": "Emotions/Attitudes", "c208": "Keywords or Topics in the News", "c272": "Nouns.", "c485": "Gambling and Gaming.", "c364": "Crime", "c354": "Numerical data.", "c526": "Appearance/Physical Characteristics.", "c115": "Names and Places", "c40": "Music genres and instruments.", "c90": "Celebration/Honoring/Commemoration", "c495": "Descriptive words for weather and environment.", "c557": "Descriptive terms.", "c20": "Keywords related to waste management and sanitation.", "c348": "Fashion and Beauty.", "c494": "Verbs", "c461": "Investment and Venture.", "c337": "Verbs describing actions or states.", "c412": "\"Splitting and Separating\"", "c290": "International Organizations and Sports Leagues", "c437": "Business-related terms.", "c383": "Unlabeled data.", "c473": "Compound nouns with hyphens and words with the prefix \"co-\"", "c564": "Natural Disasters", "c261": "Possible label: Venue Types", "c571": "International Trade.", "c565": "Labels: portrayal, representation, depiction, characterization, exhibition.", "c585": "Body Parts", "c487": "Geographic Features/Places.", "c467": "Weapons/Guns/Firearms Label", "c581": "Describing this list of words is difficult as they seem to be randomly generated and do not have a clear theme or category.", "c85": "Animal-related words", "c397": "Surnames", "c360": "Measurement units and technology terms.", "c421": "Labels: Company/organization name suffixes and abbreviations", "c569": "Descriptive Labels", "c151": "The label that best describes the list of words is \"repetitive\".", "c442": "Fluid System Components", "c548": "Interrogative pronouns.", "c589": "Unlabeled.", "c244": "Keywords related to entrepreneurship, innovation, experimentation, pioneering, and revolution.", "c598": "Household items/locations", "c77": "Mining and Exploration.", "c534": "Transportation routes.", "c587": "The label that best describes the list of words is \"Words associated with darkness, shadows, and silence\".", "c274": "Family members.", "c425": "Adjectives describing a lack of something.", "c170": "Natural Disasters.", "c409": "Irish surnames", "c483": "Words related to modernization, personalization, marginalization, legalization, eradication, polarization, and civilization.", "c324": "List of times", "c50": "Keywords related to Automotive and Aerospace industries.", "c366": "Possible label: \"Numeric codes or years\"", "c390": "Number sequence.", "c259": "Negative Emotions/Actions/Events.", "c238": "Sleep-related words.", "c584": "Possessive pronouns.", "c545": "\"Words related to replacing and substituting\""}