{"c13": "This list of words does not have a clear and concise label as it appears to be a random collection of words.", "c21": "Pronouns.", "c456": "Management/Leadership.", "c353": "The label that best describes the list of words is \"Words related to focus and concentration\".", "c160": "Prepositions of location and direction.", "c388": "Interrogative Pronouns and Adverbs", "c299": "Keywords related to education and training.", "c73": "Random list of words.", "c98": "Keywords related to accidents, incidents, crises, disasters, collisions, and emergencies.", "c6": "List of cities and regions.", "c289": "Descriptive adjectives and hyphenated phrases.", "c166": "Building Materials and Natural Elements.", "c189": "Natural elements and plant-related terms.", "c197": "Sewing and Fastening Supplies.", "c443": "Keywords or Phrases.", "c67": "Types of Land/Outdoor Spaces", "c16": "Words related to obstacles and challenges.", "c445": "Verbs related to movement and contact.", "c311": "List of months.", "c404": "List of numbers.", "c198": "Numeric values.", "c143": "Age groups.", "c293": "Possible label: \"Words related to pairs and groups of people\"", "c90": "Financial terms.", "c167": "\"Occurrences of words related to first-time events or actions\"", "c80": "Expressions of Welcome, Greeting, Hugging, Kissing, and Inviting.", "c336": "Photography-related terms.", "c278": "Label: Documenting/Explaining/Describing/Defining/Outlining/Highlighting/Chronicle", "c422": "Time adverbs.", "c137": "Conjunctions and Connectives", "c273": "Descriptive words for people and things.", "c549": "Time Intervals", "c219": "Multimedia Content", "c204": "Indicating speech or claims.", "c327": "Pronouns and articles.", "c214": "Employment/Labor/Workforce", "c529": "\"Plurality\"", "c566": "Time Units.", "c85": "Verbs of movement/arrival.", "c155": "Communication/Relationships", "c597": "Labels: Terrorism-related terms.", "c138": "Community members.", "c528": "Universal Quantifiers", "c112": "Middle Eastern Conflict", "c249": "The label that best describes the list of words is \"Music Recording and Dating Terminology\".", "c68": "Law Enforcement and Imprisonment.", "c506": "Diversity and Ethnicity.", "c458": "Possible label: \"List of words related to bridges and crossings\"", "c390": "List of surnames.", "c386": "Label: \"Variations of the word 'add'\"", "c317": "List of common contractions in English.", "c331": "Emotions/Feelings.", "c412": "Label: Cognition/Recognition", "c75": "This list of words appears to be a collection of terms related to categorization and classification.", "c57": "Verbs of movement and action.", "c139": "Words related to \"Lines\" and \"Fronts\".", "c145": "Indefinite pronouns.", "c170": "Media Types", "c53": "Goal-setting.", "c460": "Label: Words related to causing or initiating something.", "c485": "Word similarity or correlation.", "c429": "Label: Turmoil/Instability", "c395": "Royalty and Nobility.", "c341": "Twitter-related words.", "c48": "Random words.", "c303": "Color Palette.", "c592": "Animal names.", "c150": "Adjectives describing size.", "c397": "Genre: Folklore", "c300": "Consulting/Advisory/Analyst/Expert Services", "c25": "Keywords related to discrimination and inequality.", "c271": "Modal verbs.", "c557": "Actions related to entering and leaving a place.", "c34": "Endurance/Survival.", "c296": "\"Desirable Qualities\"", "c463": "Audience/Customers/Users/Patients/Clients/Viewers.", "c188": "Labels: Names, Terms, Words, Phrases, Dubbed, Nicknamed, Titled, Entitled, Pseudonym, Alias, Moniker, Acronym, Renamed, Surname, Initials.", "c176": "Gender and Sexuality Labels", "c40": "Deception/Secrecy", "c151": "Action verbs for moving objects.", "c280": "Keywords related to operating, running, serving, and operating services.", "c107": "Entertainment Venues and Events", "c500": "List of female names.", "c414": "Healthcare", "c288": "Reproductive Health", "c83": "Actions involving liquids and substances.", "c32": "Document Management.", "c459": "Fruits, Vegetables, Herbs, Spices, and Seasonings.", "c434": "Frequency Labels", "c31": "List of male first names.", "c201": "Descriptive Labels.", "c152": "Word forms of the verb \"to form\"", "c298": "Descriptive Adjectives.", "c97": "Geographical locations (including cities, towns, counties, provinces, suburbs, neighborhoods, etc.)", "c228": "Labels: Recent, Last, Latest, New, Next, Newest, Fresh, Newly, Lately, Recent, Brand-new, New-build, New-found.", "c173": "Animals", "c185": "Cardinal directions and their variations.", "c503": "Words related to frames, nets, covers, and settings.", "c33": "Furniture and Textile Items in a Store", "c72": "Natural Disasters and Weather Events", "c181": "Time of Day/Period of Time", "c346": "Keywords related to food and nutrition.", "c141": "\"Thinking\"", "c153": "Interjections and Greetings.", "c130": "Supernatural/Mythological/Religious Entities and Concepts.", "c124": "Event Management", "c417": "Gendered nouns.", "c265": "Clothing and Accessories.", "c18": "Time-related words.", "c89": "Communication/Notification/Warning", "c252": "Speech and Communication.", "c378": "List of male names.", "c221": "No clear label can be assigned to this list as it appears to be a random collection of words with no discernible pattern or theme.", "c122": "Political Figures", "c69": "Descriptive words with no clear category.", "c394": "Intensifiers/Emphasizers", "c522": "Verb forms of \"get\".", "c142": "Adverbs of Separation or Disconnection", "c484": "Water fixtures.", "c146": "List of male first names.", "c78": "A list of random words with no clear label.", "c45": "Connective words and phrases.", "c99": "The label that best describes the list of words is \"Usage and Requirement\".", "c262": "Adjectives describing frequency and duration.", "c421": "Financial Transactions/Debt Management.", "c135": "Negative Adjectives", "c100": "Nouns", "c171": "Adverbs of frequency.", "c7": "Possible label: Actions related to opening, closing, locking, filling, and clearing.", "c277": "Geography/European Regions", "c243": "Labels: people, humans, citizens, individuals, person, humanity, nationals, civilian, stranger, outsiders, alien, folks, newcomer, Islanders, mankind.", "c158": "Adverbs describing accuracy and correctness.", "c281": "Nationalities", "c544": "List of surnames.", "c182": "Sports Terminology", "c321": "List of place names.", "c140": "Action words related to obtaining or acquiring something: \"Acquisition\"", "c149": "Ordinal numbers.", "c71": "Leadership and Leading", "c361": "Words related to Winning and Victory.", "c582": "The label that best describes the list of words is \"Synonyms of 'lose' and 'loss'\".", "c157": "Labels: Descriptions of various situations, conditions, positions, roles, postures, stances, examples, scenarios, instances, and statuses.", "c27": "Time periods.", "c22": "Positive emotions", "c286": "Keywords related to human behavior and actions.", "c106": "Harassment and Abuse.", "c514": "English counties", "c339": "Government Committees and Boards", "c105": "Document processing and identification labels.", "c156": "Termination/Dismissal/Resignation/Suspension/Cancellation", "c449": "\"Displaying and showcasing\"", "c232": "Urban and Rural Areas.", "c270": "Transportation Infrastructure Labels", "c39": "Displacement", "c245": "Indications/Clues/Signals/Reminders/Markers/Beacons", "c275": "Labels: war, fighting, battle, struggles, clashes, disputed, feud, rivalry, conflict, warring, postwar, combat, disagreements, hostilities, quarrel, vie, warheads, duel.", "c237": "Epistemic modality markers.", "c301": "Label: Communication/Interactions", "c172": "Emotional Descriptors", "c51": "Household items and shapes.", "c512": "\"Parts and Pieces\"", "c427": "Age-related terms.", "c272": "Housing Types", "c305": "Keywords related to family, care, and domestic life.", "c132": "List of artists and creatives from various fields including writers, actors, artists, composers, singers, songwriters, playwrights, filmmakers, painters, sculptors, and screenwriters.", "c55": "Describing gaze and appearance.", "c168": "Comparative Adjectives", "c349": "The label that best describes the list of words is \"Events\".", "c37": "Descriptive words.", "c591": "Age range", "c470": "Verb forms of \"take\".", "c134": "Violence and Death.", "c282": "Temporal descriptors.", "c110": "Social Connections", "c491": "This list of words does not have a clear label as it appears to be a random assortment of symbols, characters, and words.", "c269": "No clear label can be assigned to this list as it appears to be a random collection of words and names with no discernible pattern or theme.", "c43": "Labels: Endorsement, Resistance, Supporting, Disagreement, Support, Opposition, Approval, Objections, Backing, Dissent, Sponsored, Objected, Sponsorship.", "c259": "Labels: opponents, killers, murderers, competitors, perpetrators, rivals, adversaries, enemies, predators, defenders, attackers, foes, intruders.", "c383": "Locations", "c46": "Descriptive labels for the list of words could be: \"Adjectives to describe importance and priority\".", "c599": "Legal Terminology", "c230": "Keywords related to borders, boundaries, territories, sovereignty, governance, and jurisdiction.", "c205": "Interior Design Elements", "c381": "Keywords related to outcomes and their effects.", "c120": "Keywords related to enhancing or improving something, such as strength, balance, and comfort.", "c472": "Medical Treatment and Recovery", "c561": "Commodities", "c554": "Financial Terminology", "c283": "Comparative Adjectives", "c19": "Keywords related to values and traits.", "c538": "The label that best describes the list of words is \"Variations of the verb 'make' in different tenses and cases\".", "c569": "Fame-related words.", "c11": "This list contains a variety of adjectives that describe different aspects of things, such as their nature, purpose, or function. There is no single label that can accurately describe all of these words.", "c326": "Geographic Features", "c165": "Keywords related to architecture, building design, construction, and engineering.", "c117": "Uncertainty/Speculation", "c65": "Currency symbols and values in various units of measurement.", "c308": "Development and Growth.", "c131": "Keywords/Labels: Project, Programme, Policy, Strategy, Programs, Initiatives, Methodology, Protocol, Scheme, Process, Mechanism, Technique, Algorithm, Tactic, Procedure, Method.", "c196": "\"Progression/Advancement\"", "c44": "Descriptive words.", "c250": "Temporal Adverbs", "c351": "Substances/Drugs", "c310": "Labels: Change, Adaptation, Modification, Adjustment, Repeal, Correction, Amend, Revision, Alteration.", "c178": "Body Parts", "c263": "Proper nouns starting with the letter \"K\"", "c439": "Abbreviations and Acronyms", "c103": "Geography-related terms", "c187": "List of titles/positions in government and organizations.", "c490": "Military Ranks and Titles", "c242": "Television and Film Networks/Channels", "c585": "Movement in multiple directions.", "c474": "The label that best describes this list of words is \"Occurrences of the word 'hand' and related words\".", "c225": "Financial Trading/Markets/Exchange", "c244": "Government Officials and Systems", "c505": "Requesting/Asking.", "c365": "Political Process/Voting", "c344": "This list of words does not have a clear and concise label as it appears to be a random assortment of words and phrases.", "c466": "List of Proper Nouns", "c563": "Numerical data.", "c477": "Words related to life and living.", "c192": "The label that best describes the list of words is \"Risk, Hazard, Threat, Danger Menace\".", "c159": "Academia/Science", "c229": "Negotiation/Agreement/Deal-making.", "c304": "Keywords related to topics and issues.", "c335": "Sports teams.", "c451": "The label that best describes the list of words is \"Verbs for Movement\".", "c415": "Sports scores.", "c347": "List of cities/locations.", "c368": "Law Enforcement Officers", "c208": "The label that best describes the list of words is \"Words related to belief, trust, and faith\".", "c119": "Adverbs of probability and possibility.", "c290": "Actions involving holding, grabbing, catching, and gripping.", "c409": "Metal Types", "c102": "Music genres and related terms.", "c496": "Decades and Centuries.", "c328": "Ideologies and Historical Movements.", "c186": "Groupings.", "c4": "Keywords related to espionage and deception.", "c248": "Negative vocabulary.", "c154": "Location descriptors.", "c481": "Political Ideologies", "c125": "Writing and Publishing.", "c392": "Topic: Words related to communication and representation.", "c448": "Travelers/Passengers/Visitors/Guests/Commuters/Tourists/Tourism", "c436": "Possible label: \"Words related to camping, shelter, and storage\"", "c216": "Keywords related to vulnerability and compliance.", "c598": "Dependency/Dependence/Reliance/Reliance on something else.", "c513": "Days of the week.", "c372": "Negations and Contractions", "c121": "The label that best describes the list of words is \"Vocabulary related to readiness and preparation\".", "c468": "Countries and nationalities", "c115": "Descriptors of emotions, attitudes, interests, personalities, passions, and priorities.", "c297": "Academic Levels and Achievements", "c180": "Descriptive labels are subjective and depend on the context in which the words are being used. Without additional information, it is difficult to provide a label that accurately describes the list of words.", "c318": "Assistance/Aid/Relief/Help labels.", "c462": "Emotions and Experiences", "c81": "Words that describe attitudes and emotions.", "c261": "Nature and Wildlife.", "c565": "Reflexive pronouns.", "c95": "Entertainment/Performing Arts.", "c367": "Lighting and Vision.", "c209": "Years and Centuries", "c133": "Keywords related to finance, budgeting, taxation, spending, and funding.", "c279": "Label: \"End/Finish/Complete/Conclusion\"", "c537": "Superlatives", "c207": "Negative sentiment.", "c291": "Sensory Perception.", "c276": "Words related to assurance and confirmation.", "c15": "Action Verbs.", "c66": "Disruption and Delay", "c424": "Negative sentiment words.", "c348": "Verbs", "c355": "Numerical values.", "c333": "Data Analysis Terminology", "c552": "Success/Failure", "c533": "This list of words does not have a clear and concise label as it appears to be a random collection of names, acronyms, and other words.", "c56": "Restrictions and prohibitions.", "c74": "Keywords related to searching and hunting.", "c212": "This list of words does not have a clear and concise label as it appears to be a random collection of words without a specific theme or category.", "c257": "List of years.", "c320": "Geographical and Political Labels", "c322": "Religion.", "c413": "Family Members", "c223": "List of male names.", "c113": "Family members", "c206": "Business entities", "c316": "Media outlets and financial institutions.", "c573": "List of titles and honorifics.", "c433": "Topic: Proposal Submission and Presentation.", "c77": "Verbs indicating changes in quantity or level.", "c183": "Describing the list of words as a whole, a possible label could be \"Expressions of Desire and Belonging\".", "c593": "Outdoor Activities.", "c58": "Keywords related to history and archaeology.", "c295": "Adjectives describing ability and willingness.", "c530": "Possible label: Financial Transactions and Records.", "c236": "Financial Terms.", "c595": "Types of Organizations/Associations/Clubs/Federations/Unions/Societies", "c177": "Descriptors of geographic scope and location.", "c62": "Research and Testing.", "c60": "Keywords related to fitness, exercise, career, and wellness.", "c319": "Names", "c486": "Descriptive words with no clear label.", "c594": "Cricket Terminology", "c583": "The label that best describes the list of words is \"Variations of the word 'turn' in different forms and cases\".", "c387": "Approximations/Estimations", "c10": "Nouns related to justification and motivation.", "c578": "Writing Elements.", "c9": "Destruction.", "c203": "Legal Terminology", "c266": "Mobile Devices and Accessories", "c63": "Perception", "c499": "Names", "c235": "Geographic regions and their characteristics.", "c494": "Label: Synonyms for \"start\" and \"beginning\"", "c42": "Verbs of action and behavior.", "c515": "No clear label can be assigned to this list as it appears to be a random collection of words with no discernible pattern or theme.", "c54": "Number Quantifiers.", "c88": "Label: Words related to meetings, encounters, and facing/confronting.", "c315": "Keywords related to \"Individual Rights and Freedoms\".", "c184": "Regulations/Regulatory Terms", "c419": NaN, "c239": "Keywords related to revealing or admitting something, possibly a confession or disclosure. \n\nLabel: Disclosure/Admission/Confession", "c226": "\"Assorted items and products for decoration, crafting, and use\"", "c356": "Keywords related to defense and protection.", "c493": "Job Titles/Ranks in an Organization", "c567": "Negative emotions", "c5": "Miscellaneous", "c246": "\"List of duties, tasks, obligations, commitments, and responsibilities\"", "c0": "Public Demonstrations", "c64": "Emotions/Feelings", "c360": "Sports-related terms.", "c340": "Media and Journalism.", "c179": "Adverbs of degree and specificity.", "c163": "FAILED REQUEST", "c91": "Brand names", "c410": "Words related to tying, binding, wrapping, and packing.", "c461": "Sports events and political elections.", "c555": "Dreams, Nightmares, and Fantasy.", "c287": "List of cities and states.", "c441": "Labels: Transportation infrastructure.", "c240": "Cooking/Cuisine Labels", "c309": "Environmental Contamination", "c540": "Medical and Political Terminology", "c199": "Keywords related to attention, pollution, headlines, custody, and appointments.", "c354": "Action words related to gathering and creating.", "c574": "Words related to expectations and intentions.", "c233": "Types of establishments in the hospitality industry (e.g. hotels, restaurants, bars, cafes, resorts, inns, taverns, pubs, motels, casinos).", "c217": "Legal Proceedings.", "c35": "Adverbs", "c375": "Adverbs", "c550": "Sensory Perception.", "c211": "Memory-related verbs.", "c1": "Labels: Agency, staff, units, office, team, personnel, Department, Bureau, Division, squad, Fleet, Corps, crew, troop, Legion, lineup, bureaucrats, HQ, Brigade, Squadron.", "c570": "Educators", "c587": "Emotions and Relationships.", "c200": "Possible label: Synonyms of \"solve\" and \"fix\"", "c169": "Adverbs of frequency.", "c2": "Descriptive words.", "c129": "Sports.", "c432": "Power and Status.", "c523": "Emotions of Fear, Concern, Worry, and Terror", "c323": "Descriptors of Movement and Size.", "c12": "Keywords related to fuel, engine, tank, pipeline, turbine, pump, reservoir, brake, tire, and generator.", "c416": "Automotive/Transportation Vocabulary", "c510": "Textile materials.", "c23": "Industry/Technology Labels", "c572": "Philosophy and Theory", "c312": "Charitable Giving", "c264": "Descriptive Adjectives and Nouns", "c29": "Verbs and adjectives.", "c313": "Nouns.", "c469": "Temperature-related words.", "c442": "Violent incidents involving guns, stabbing, and punching.", "c213": "Descriptive labels for the list of words could be: \n- Words related to \"straight\" or \"consecutive\"\n- Words related to \"entire\" or \"whole\"\n- Words related to \"full\" or \"sole\"\n- Words related to \"rest\" or \"resting\"\n- Words related to \"single\" or \"singles\"\n- Words related to \"flagship\" or \"titular\"\n- Words related to \"remainder\" or \"successive\"\n- Words related to \"lone\" or \"eponymous\"\n- Words related to \"namesake\" or \"standalone\"", "c302": "Sports positions/roles", "c234": "Label: Application Qualification Status", "c28": "Sports Competitions", "c41": "List of years.", "c123": "Words related to \"per\", \"under\", \"defy\", and \"pertinent\".", "c492": "Currency and Percentage Terms", "c24": "Data Analysis", "c524": "Performing Arts.", "c467": "Legal Charges and Suspicions", "c161": "Real Estate and Energy Assets.", "c426": "Keywords related to commitment, dedication, and contribution.", "c253": "Mental Health/Emotional Distress.", "c546": "Crime", "c147": "Keywords related to organization and planning.", "c399": "Funeral and Burial-related terms.", "c84": "Descriptors of educational institutions and their physical locations.", "c364": "Engagement/Participation/Intervention/Interference/Involvement", "c96": "Legal Terms", "c111": "Verbs and nouns related to various topics.", "c391": "\"Forms of Communication\"", "c428": "Descriptive words for light and brightness.", "c20": "Substance abuse.", "c471": "Variety and Diversity", "c571": "Community members.", "c527": "Label: Repeated use of words indicating inclusion or features.", "c531": "Descriptors of \"high\" and \"low\"", "c3": "Keywords related to farming and agriculture.", "c457": "Spatial proximity.", "c284": "List of proper nouns.", "c202": "Numerical Data", "c579": "Numeric Data", "c285": "Job-related terms", "c560": "Emotions and Actions Related to the Heart and Voice.", "c256": "Possible label: List of words related to directions, courses, and pathways.", "c79": "Action related to making a selection or decision.", "c92": "Labels: Fame, Wealth, Heroism, Stardom, Mentoring, Narration, Villainy, Protagonism, Iconic", "c548": "Verb - Call", "c108": "Legal Professionals", "c274": "Improvement/Upgrading/Modernization/Overhauling/Renovation/Repair/Redesign/Rebuilding/Restructuring/Reconstruction/Refurbishing/Regeneration", "c70": "Economics and Banking.", "c52": "Adverbs of intensity and frequency.", "c543": "Geographical Locations", "c104": "Movement and descent.", "c127": "Adverbs with varying degrees of intensity.", "c268": "Australian Football League (AFL) team names and locations.", "c447": "Time Series Forecasting.", "c191": "Emotional expressions", "c220": "Words in French", "c389": "Describing sounds and their characteristics.", "c148": "Language stopwords.", "c30": "\"Fire-related words\"", "c405": "Political Activism and Advocacy.", "c144": "Words indicating avoidance, missing, lack, and absence.", "c553": "List of words related to competitions and awards.", "c314": "Livestock.", "c473": "Action: Keep/Retain/Maintain/Preserve/Restore", "c519": "Location-related terms.", "c352": "Retail and Shopping.", "c329": "\"Synonyms for 'possibility' or 'opportunity'\"", "c382": "Awards and Prizes.", "c576": "Food items.", "c61": "Comparisons/Comparing.", "c420": "Sports-related terms.", "c47": "Descriptive words related to music and art.", "c568": "\"Indicating or implying meaning\"", "c76": "Labels: Criticism, Comments, Praise, Condemnation, Complaints, Critique, Reviewer.", "c307": "Attempts and Efforts.", "c584": "Label: Peace and Unity", "c559": "This list of words does not have a clear and concise label as it appears to be a random assortment of words without a unifying theme or topic.", "c93": "Relationships and Marriage.", "c50": "Online Activity.", "c116": "\"Models and Versions Replication and Simulation\"", "c403": "List of universities.", "c59": "Occupations/Job Titles", "c118": "Ownership/possession.", "c258": "Types of Buildings", "c359": "Last names of individuals.", "c384": "Immigration-related Terminology", "c363": "Labels: self-related, political stance, social issues, business, legal, and personal traits.", "c454": "Verbs of pursuit and tracking.", "c438": "Transportation Verbs", "c190": "Movement and Action Words", "c400": "Mixing/Blending/Combining of ingredients or substances.", "c292": "\"Words related to unification and revival\"", "c545": "Political Representatives", "c345": "\"Words related to finding and discovery\"", "c8": "Verbs", "c36": "Words related to advice, guidance, encouragement, and promotion.", "c446": "Keywords for Auctions and Trading.", "c175": "\"Quantities\"", "c210": "Labels: statements, announcement, declared, manifesto, vow, declaration, decree, pledged, sworn, proclaimation, oath, swearing, announced, announcing.", "c366": "Measurement units.", "c532": "Sports Leagues and Competitions.", "c418": "Difficulty levels", "c369": "Military Forces and Operations.", "c377": "Aviation/Transportation Industry Keywords", "c38": "Waterfront locations", "c17": "Material/Texture/Condition", "c215": "Health conditions and diseases.", "c509": "\"Interactions with Technology\"", "c241": "Verbs related to body positions.", "c374": "\"Words starting with 're'\"", "c254": "No clear label can be assigned to this list of words as they appear to be randomly generated or selected.", "c483": "The label that best describes this list of words is \"Legal Terminology\".", "c402": "Labels: Hispanic/Latino/Caribbean countries and nationalities.", "c126": "Sales and Purchases.", "c408": "-Verbs ending in \"-ing\"", "c164": "Modes of transportation", "c82": "Keywords related to genetics, molecular biology, and paleontology.", "c357": "Football teams.", "c430": "Positive Adjectives.", "c338": "Words related to honoring and remembering, such as memorials, tributes, legacies, celebrations, commemorations, monuments, and honors.", "c195": "Keywords related to cultural institutions and their functions.", "c453": "Water bodies.", "c480": "Descriptive label: List of Phrasal Verbs and Compound Nouns.", "c482": "Marine Wildlife and Seafood.", "c324": "Sports and Activities", "c411": "Occasions/Holidays", "c502": "Possible label: Actions related to saving and rescuing.", "c452": "Verbs of decision making.", "c94": "Actions of physical force.", "c525": "Keywords related to thinking and discussing.", "c231": "Genealogy-related vocabulary.", "c358": "Numerical data.", "c101": "Maritime Accidents", "c590": "Seasons", "c444": "Technology-related words.", "c218": "Repetitive use of words related to carrying, wearing, and bearing.", "c504": "Frequency of the word \"occur\" and its variations.", "c222": "Label: Removal/Deletion/Replacement.", "c478": "Travel-related terms", "c330": "Descriptive words without a clear theme.", "c306": "Words related to inspiration, insights, metaphors, paradoxes, and precedents.", "c379": "Words related to reflection and repetition.", "c425": "Expressions of Politeness and Apology", "c337": "Body Parts", "c489": "The label that best describes this list of words is \"decay and destruction\".", "c551": "Collaboration/Partnership.", "c536": "Warfare/Conflict.", "c371": "\"Separation\"", "c406": "Storage Containers", "c49": "Physical Movement", "c350": "Religious Figures and Places", "c380": "Color-related words.", "c255": "Hair and Headwear.", "c128": "Travel/Tourism.", "c238": "Space-related terms.", "c224": "Monitoring and Assessment.", "c401": "Labels: Synonyms of \"respect\" and \"admire\".", "c575": "\"Connections and Links\"", "c586": "Music and Poetry Labels", "c488": "Media Broadcasting", "c267": "This list of words does not have a clear and concise label as it appears to be a random collection of words without a common theme or topic.", "c26": "Labels related to branding and identification.", "c450": "Words related to size changes and extensions.", "c589": "Speed-related words.", "c476": "Comedy/Humor-related.", "c396": "Negative emotions/attitudes.", "c465": "Words related to referencing and citing.", "c564": "Journalists and Correspondents.", "c455": "Negative/Prohibited Actions", "c86": "Body Movements.", "c362": "Words related to achievement and fulfillment.", "c260": "Space and Missile Technology.", "c193": "Tools and Writing Instruments", "c520": "Animal-related words.", "c294": "Fashion and Business Labels", "c440": "List of surnames with the prefix \"Mc\"", "c521": "Scientific Instruments and Technologies", "c114": "Boxing weight classes.", "c342": "Describing physical appearance and conditions.", "c194": "It is difficult to provide a label for this list of words as they do not seem to have any clear pattern or theme. However, if I had to provide a label, it could be \"Random Words\".", "c437": "Welsh language text.", "c174": "Implementation and Adoption.", "c393": "Names", "c556": "A label that could describe this list of words is \"African countries and nationalities\".", "c487": "Diplomacy/ Diplomatic Relations.", "c501": "The label that best describes the list of words is \"Accounting-related vocabulary\".", "c547": "Criminal-related terms.", "c370": "Possible label: Synonyms for \"allow\" and \"enable\"", "c227": "Adjectives ending in \"-ful\" and \"-less\"", "c497": "Religious ceremonies and practices.", "c516": "Gambling and Gaming.", "c334": "Numerical data.", "c511": "Unlabeled data.", "c581": "Body Parts", "c162": "Verbs related to growth and development.", "c596": "Gerunds/Verbs", "c479": "City names", "c562": "Financial Investments.", "c498": "Descriptive words.", "c251": "Occupations/Job Titles in Manufacturing and Business Industries.", "c385": "Illegal trade and transportation of goods (including smuggling, trafficking, laundering, and shipping)", "c535": "Weapons/Guns/Firearms", "c475": "Descriptive words.", "c495": "Expressions of happiness/laughter.", "c87": "Jewelry and Timepieces.", "c558": "Keywords related to extremism, provocation, and ex-relationships.", "c534": "Artworks.", "c542": "Animal names.", "c14": "Organizations and Agencies", "c136": "Cleaning and Waste Management.", "c325": "Geometric Features", "c343": "Surnames", "c407": "Measurement values and units.", "c588": "Indefinite pronouns.", "c464": "Proper Nouns", "c247": "Word Transformation/Translation/Conversion/Interpretation/Translator/Interpreter", "c332": "Sleep-related words.", "c109": "Physical Actions.", "c539": "Countries and nationalities.", "c431": "Marketing and Advertising Related Words", "c541": "Mental and Physical Distress.", "c398": "Repeated occurrences of the words \"double\", \"doubles\", \"doubled\", \"doubling\", \"Triple\", \"triple\", \"tripled\", \"triplets\", and \"Triple-A\" suggest that the list is related to sports statistics, particularly in basketball or baseball. A possible label for this list could be \"Sports Statistics Terminology\".", "c518": "Natural Disasters - Volcanic and Glacial Eruptions", "c435": "Names ending in \"man\"", "c376": "Time schedule.", "c423": "Musical Instruments and Equipment", "c373": "Numerical Data.", "c526": "Possible label: \"Imperfections\"", "c508": "Famous people's names.", "c507": "Words related to co-workers, co-founders, and collaborations.", "c517": "Describing this list with a single label is difficult, as it appears to be a random assortment of words with no clear theme or pattern.", "c577": "Disability-related terms.", "c580": "Actions involving the mouth and/or throat."}