{"c596": "Words related to various actions and concepts, without a clear and concise theme.", "c160": "No clear label can be assigned to this list as it appears to be a random collection of words with no discernible pattern or theme.", "c275": "Keywords related to management and administration.", "c305": "Action verbs.", "c260": "Prepositions and Directional Words", "c550": "Interrogative and Relative Pronouns.", "c62": "This list of words does not have a clear and concise label as it appears to be a random collection of words without a specific theme or topic.", "c115": "Keywords related to learning, education, and intelligence.", "c125": "Indefinite and definite articles, personal pronouns, possessive pronouns, and demonstrative pronouns.", "c387": "Punctuation and Abbreviations.", "c567": "Keywords related to accidents, emergencies, crises, collisions, and disasters.", "c11": "Geographical locations in Eastern Europe and Central Asia.", "c256": "Descriptive adjectives.", "c81": "Miscellaneous/Unrelated", "c71": "Telecommunications/Communication Equipment", "c483": "Sharp objects and tools.", "c135": "Words related to sports and events.", "c140": "Describing this list of words is difficult as it appears to be a random collection of words with no clear theme or pattern.", "c343": "Nouns and Verbs.", "c509": "Modal verbs.", "c314": "Numerical Data", "c455": "Numerical data.", "c378": "Age-related terms", "c67": "Describing the list of words with a short and concise label is difficult, as the list appears to be a collection of various words related to pairs, couples, and groups of people. However, a possible label could be \"Words related to pairing, couples, and groups\".", "c513": "The label that best describes this list of words is \"Sharing/Shares\".", "c590": "Frequency Adverbs", "c334": "Physical Affection", "c592": "Photography/Photographer", "c453": "Conjunctions and Connectives", "c52": "Labels: documentation, recording, interview, memoir, footage, album, chronicle, clip, documentary, tape, posthumously, retrospective, diary, compilation, soundtrack, vinyl.", "c68": "Conjunctions and transitional words.", "c369": "Descriptive words of size.", "c372": "Time Intervals", "c186": "Food and Beverage.", "c300": "Visual Media", "c560": "Repetitive use of speech verbs.", "c21": "The label that best describes the list of words is \"Work and Labor Services\".", "c580": "\"Numerous\"", "c219": "Time periods", "c421": "Verb forms of \"come\" and \"bring\".", "c263": "The label that best describes the list of words is \"Relationships and Interactions\".", "c80": "FAILED REQUEST", "c60": "Target audience", "c357": "Describing the label for the given list of words is difficult as it seems to be a random collection of words with no clear theme or category.", "c25": "The label that best describes this list of words is \"Names and Places\".", "c364": "The label that best describes this list of words is \"List of forms of the verb 'to be'\".", "c282": "Law enforcement actions.", "c382": "Describing this list with a single label is difficult as it appears to be a random collection of words with no clear theme or category.", "c477": "Possible label: \"List of words related to bridges and crossings\"", "c163": "List of random names and words.", "c445": "Label: \"Addition/Adding/Additional\"", "c117": "Words without any clear pattern or theme.", "c12": "Keywords related to boredom, curiosity, hunger, exhaustion, loneliness, and attraction.", "c234": "Label: Knowledge/Understanding/Comprehension/Realization/Grasp", "c9": "Types of Forms and Shapes.", "c271": "Numeric Data", "c586": "Words related to lines and boundaries.", "c457": "Indefinite pronouns.", "c238": "Media Types (Books, Films, Movies) and Genres (Fiction, Nonfiction, Thriller, Suspense, Bestseller, Blockbuster, Novelists)", "c431": "Planning and Scheduling.", "c552": "Words related to motivation and inspiration.", "c26": "Quality", "c247": "Label: Negative behaviors and actions", "c66": "Royalty and Monarchy.", "c312": "This list of words does not have a clear and concise label as it appears to be a random collection of words and phrases.", "c110": "Keywords related to comic book characters and themes.", "c302": "Color names", "c22": "Animal names", "c261": "Labels: storytelling, drama, tragedy, heroism, patriotism, legends, myths, characters, protagonists, villains, epic, saga, ballad, narrator, humanitarian, veterans, tale, narrative, hero, heroine, mythological.", "c365": "Media-related terms.", "c1": "Keywords related to societal issues and values.", "c106": "Words related to leaving or departing.", "c34": "Skills and expertise.", "c241": "Keywords related to freedom, independence, rights, liberties, and autonomy.", "c112": "Labels: Naming, Branding, Labeling, Nicknaming, Dubbing, Entitling, Labeling, Phrasing, Wordings, Surnaming, Monikering, Acronyms, Pseudonyms, Renaming, Alias, Initials.", "c211": "Sexuality.", "c142": "Verbs indicating remaining or staying.", "c595": "Keywords related to espionage and covert operations.", "c165": "The label that best describes the list of words is \"Verbs for Communication and Action\".", "c79": "Label: Operations/Running of a system or organization.", "c74": "Cultural Institutions", "c251": "List of female names.", "c493": "Medical/Hospital Vocabulary", "c145": "Anatomy and Physiology.", "c506": "The label that best describes this list of words is \"Months\".", "c73": "Label: Various forms of communication and documentation (e.g. reports, comments, notes, remarks, mentions, notices) and actions related to them (e.g. reporting, commenting, noting, mentioning, remarking).", "c482": "Mixed list of fruits, vegetables, nuts, seeds, and herbs.", "c185": "Frequency/Recurrence.", "c130": "Words related to growth and development.", "c92": "Descriptive words with no clear context.", "c459": "Types of settlements (including cities, towns, suburbs, villages, hamlets, boroughs, districts, parishes, and neighborhoods) and their variations (such as metropolitan, urban, rural, and suburban)", "c199": "\"Words indicating recency and newness\"", "c599": "Time units.", "c327": "Animals, Humans, and Monsters.", "c249": "Cardinal directions and place names.", "c118": "Words related to bedding and furniture coverings.", "c331": "Natural Disasters", "c301": "Time of Day", "c208": "Food-related actions.", "c257": "Label: Children/Youth", "c19": "The label that best describes the list of words is \"Mental States and Processes\".", "c379": "Interjections and team names.", "c315": "Religion/Religious Terms", "c264": "Healthcare and Pensions-related terms.", "c69": "Sports-related terms.", "c530": "Gender-related terms.", "c231": "Apparel and Clothing.", "c167": "Keywords related to communication and notification.", "c496": "Topic: Speaking/Talking/Talks/Speakers", "c151": "List of names", "c39": "Miscellaneous words", "c442": "Political Figures and Terms", "c501": "Labels: Adviser, Advice, Oversight, Consultation, Advisor, Consulting, Consultancy, Consultant, Advisory.", "c585": "List of surnames.", "c523": "Label: Referring to people who are not part of a particular group or community.", "c340": "Words related to truth and honesty.", "c321": "The label that best describes the list of words is \"Variations of the word 'get'\".", "c187": "Liquid/Fluid/Water-related terms.", "c121": "Words related to diversity, similarity, difference, and alignment.", "c425": "Keywords related to emotions and mental states.", "c564": "Connective words and phrases.", "c170": "Desires/Needs/Wants/Aspirations/Passions/Cravings", "c196": "Word Recognition/Identification", "c456": "Financial Transactions/Debt and Lending.", "c507": "Quantifiers", "c223": "Employment/Job Market.", "c514": "Negation/Contradiction.", "c377": "\"Open and Close Actions\"", "c206": "Label: Restriction/Prohibition/Prevention", "c527": "Describing the list of words as a whole, a possible label could be: \"List of words related to empty spaces and gaps\".", "c102": "Nationalities and locations in Europe.", "c166": "Fitness and Performance Training.", "c434": "Car brands.", "c72": "Keywords related to scoring and totals.", "c148": "Locations", "c194": "Keywords related to goals, aims, targets, intentions, and purposes.", "c139": "Legal Punishment", "c362": "Spatial Directions", "c16": "Achievement-related terms.", "c239": "Numerical Ordinal Labels", "c5": "Geographical features and landmarks.", "c476": "\"Victories, Wins, and Triumphs\"", "c494": "Keywords related to losing, loss, casualties, and related terms.", "c279": "Location/Place-related words.", "c181": "This list appears to be a collection of various types of media, including seasons, events, serials, series, games, scenes, leagues, phases, episodes, and rounds.", "c486": "List of names.", "c197": "Positive Emotions", "c188": "Labels: Claims, Allegations, Proofs, Arguments, Assertions, Purported.", "c447": "Keywords: Movement, Shift, Move, Relocation, Evacuation, Displacement, Migration.", "c252": "Geographic Locations", "c50": "Government and Politics.", "c424": "Action related to granting permission or enabling something: \"Permitting/Enabling\".", "c161": "Adjectives expressing surprise, amazement, and astonishment.", "c90": "Labels: removal, resignation, retirement, dismissal, disqualification, expulsion, termination, deportation, emigration, bankruptcy, dissolution, cessation, overthrow, defunct, dormant, extinct, liquidation, hiatus, knockout, relegation, retreat, withdrawal, eviction, toppling, defection, confiscation, revocation, expiration, runoff, termination, cessation, abolishment, dismission, annexion, extinction, deactivation, deposition, demotion, elimination, upholding, discharging, defenestration, disqualification, dormancy, diaspora, revoking, termination, dismissal, abolition, dissolution, commutation, disqualification, defenestration, inactive.", "c339": "\"Display and demonstration\"", "c296": "Descriptive words for situations, conditions, cases, exceptions, and scenarios.", "c492": "Keywords related to transportation infrastructure.", "c47": "Sensory Perception and Communication.", "c446": "Ordinal numbers from first to tenth, with some duplicates and variations in capitalization.", "c37": "Conflict.", "c299": "Epistemic modality adverbs.", "c401": "Label: Communication/Interactions", "c528": "Destruction.", "c155": "Middle Eastern Politics", "c113": "Textile/Fabric/Hair Design and Crafting.", "c371": "\"Collection of Parts, Bits, Pieces, Portions, Sections, Chunks, Segments, and Fragments\"", "c531": "Age-related labels.", "c6": "Building features/elements.", "c83": "Residential Properties", "c27": "Writing/Publishing/Editing", "c584": "Words indicating appearance or perception.", "c82": "Words related to distance and intensity.", "c7": "Nouns.", "c182": "Mystery/Unknown.", "c329": "The label that best describes the list of words is \"Variations of the verb 'take' in different tenses and forms\".", "c308": "Descriptors of time and quantity.", "c128": "Violence and Death.", "c143": "Time sequence adverbs.", "c465": "Social Connections", "c559": "This list of words does not have a clear and concise label as it appears to be a random assortment of symbols, punctuation marks, and some words.", "c354": "This list appears to be a collection of random and unrelated words, and therefore cannot be accurately labeled with a single term.", "c15": "Keywords related to appointments, authorizations, confirmations, licenses, and qualifications.", "c545": "Labels: Opposition, Resistance, Disagreement, Rivalry, Adversary, Enemy, Objection, Dissent, Foe.", "c42": "List of cities and states.", "c123": "Descriptive labels for the list of words could be: \"Adjectives to describe importance or quality\".", "c474": "Legal Terminology", "c304": "List of numerical values.", "c116": "Geography/Mapping Labels", "c85": "Label: Results/Outcomes/Conclusions/Implications/Emerging", "c58": "Words related to changes in intensity or degree.", "c0": "Keywords related to maintenance, repair, renovation, restoration, upgrading, and redevelopment.", "c346": "Descriptive Words.", "c31": "Financial Terms", "c41": "Descriptors of Levels and Ranks.", "c144": "Words are not specific enough to give a concise label.", "c374": "Verb forms of \"make\".", "c409": "Descriptive words for fame and reputation.", "c242": "Deception and Fraud.", "c267": "Geography/Location Labels", "c114": "Keywords related to architecture, building design, construction, and engineering.", "c288": "Negative Emotions/Feelings", "c533": "Greeting and appreciation words.", "c356": "Units of Measurement and Currencies.", "c583": "The label that best describes this list of words is \"Keywords related to projects, programmes, initiatives, and programs\".", "c193": "Body Parts.", "c245": "Label: Continuation/Expansion", "c23": "Keywords: luxury, expensive, sophisticated, inequality, homeless, rich, celebrity, premium, gossip, poverty, elegance, wealthy, lavish, affordable, sprawling, exclusive, ornate, lush, deprivation, socioeconomic, flair. \n\nLabel: Wealth and Luxury Culture.", "c411": "Temporal adverbs.", "c389": "Substance abuse.", "c589": "Age-related terms.", "c59": "Words related to changes and modifications.", "c348": "Label: Explanation/Definition.", "c99": "Proper nouns", "c212": "Geography/Politics - words related to states, capitals, and political entities such as republics, empires, and commonwealths.", "c322": "\"Terms related to geography and cosmology\"", "c49": "Labels: Government positions and departments (e.g. Secretary, Minister, Treasury, Agency, Office, Department, Bureau, Chancellor, Cabinet, Treasury, Treasurer, Bureaucrats, Secretaries)", "c338": "Military Ranks and Titles", "c190": "Media and Organizations", "c406": "Visual Perception", "c547": "Directions.", "c43": "Words related to expectations and assumptions.", "c229": "Descriptors of human behavior and personality.", "c396": "Financial Trading/Exchange Terminology", "c172": "Labels: order, requirements, means, insisted, requested, demanding, require, mandatory, petition, compulsory, summoned, adamant, obligator, query, invoked, ordering, mandate, request, demand, insistent, compulsory, summons.", "c463": "Topic: Elections and Voting.", "c429": "Competitive Actions and Outcomes", "c214": "Keywords or Phrases.", "c395": "Label: Words related to life and living.", "c195": "Keywords related to danger and risk.", "c107": "Science-related terms", "c178": "Negotiation-related terms.", "c119": "Keywords related to standards and foundations.", "c341": "Sports teams.", "c436": "The label that best describes the list of words is \"Verbs for Movement\".", "c120": "List of surnames.", "c226": "Label: Launch/Release/Debut of a Product/Service", "c391": "Law enforcement personnel.", "c422": "Keywords: belief, trust, faith, believer, trustworthy.\n\nLabel: Belief and Trust.", "c461": "Adverbs of Time", "c524": "List of Precious Materials and Gems", "c183": "Crime.", "c337": "Decades and Centuries.", "c203": "Asian countries and languages.", "c147": "Political Agreements", "c189": "Assorted Adjectives and Nouns", "c96": "Location descriptors.", "c420": "Political Ideologies", "c511": "List of names.", "c204": "Label: Discussion/Debate/Contemplation/Addressing/Regarding", "c45": "This list of words does not have a clear and concise label as it appears to be a random collection of words and phrases.", "c290": "Tourism-related words.", "c367": "Venue/Crowd/Attendance Labels", "c558": "Dependency/Dependence/Reliance/Reliance on something else.", "c44": "Political Leadership and Representation.", "c555": "Days of the week and weekends.", "c273": "Contractions (variations of words formed by omitting one or more letters and replacing them with an apostrophe)", "c33": "Keywords related to preparation and waiting.", "c591": "Event Labels", "c400": "The label that best describes this list of words is \"Questioning\".", "c217": "Describing words with prefixes and suffixes.", "c218": "Label: Words related to helping and supporting.", "c289": "Words related to organizing and arranging events or activities.", "c109": "Academic Terminology", "c491": "US States", "c4": "Endurance/Survival", "c303": "Keywords related to the environment, climate, habitats, ecosystems, biodiversity, conservation, and atmospheric conditions.", "c481": "Reflexive pronouns.", "c512": "Topic: Dance.", "c551": "Nature-related words.", "c330": "Eternal/Future/Career-themed words.", "c454": "Financial Terminology", "c149": "Label: End/Finish/Complete/Completion", "c543": "Superlatives", "c132": "Sensory Perception.", "c537": "Commitment/Promise/Obligation/Vow/Sworn/Guarantee/Oath", "c286": "Actions/Verbs", "c191": "Disruptions and Delays.", "c435": "Miscellaneous", "c311": "Numerical values", "c168": "Label: Synonyms for \"replace\", \"succeed\", and \"substitute\"", "c111": "Words related to pursuing or seeking something.", "c281": "List of years.", "c423": "Words related to \"up\"", "c432": "Geographic locations", "c345": "Family Members", "c224": "Family members", "c91": "Business/Corporate Terminology", "c246": "Labels are not clear from the list of words provided. Please provide more context or information about the list.", "c361": "The label that best describes this list of words is \"suggesting/proposing/recommending/implying\".", "c54": "Adverbs of time and emphasis.", "c98": "Verbs related to changes in height or level.", "c137": "Outdoor Activities", "c565": "Classification/Sorting of Levels, Ranks, Grades, Categories, and Statuses.", "c228": "Keywords related to historical periods and eras.", "c78": "Accessibility/Availability/Eligibility/Exclusion/Inaccessibility.", "c40": "Office Supplies and Currency.", "c95": "Financial Terminology", "c133": "Words related to value and importance.", "c475": "Descriptors of Strength and Size.", "c336": "International and National Terminology.", "c36": "Keywords related to testing, monitoring, scanning, and searching.", "c205": "Label: Professional/Amateur Activities and Descriptions", "c70": "Gardening/Landscaping.", "c274": "\"Items related to tying and binding\"", "c38": "Sports terminology", "c438": "The label that best describes the list of words is \"Variations of the word 'turn'\".", "c156": "Adverbs of degree/intensity.", "c24": "Information and Material Assets", "c287": "Print Media.", "c393": "\"Break-related words\"", "c318": "Keywords related to locks and security.", "c202": "Group/Team/Unit/Club/Band Labels", "c174": "Words related to vision and perception.", "c518": "Label: Synonyms of \"start\" and \"begin\"", "c309": "Verbs in various tenses and forms.", "c56": "Body Parts", "c254": "Keywords or Miscellaneous.", "c333": "Numerical quantities", "c462": "A list of random words with no clear label.", "c561": "Meeting (noun/verb)", "c295": "Keywords related to safety, defense, security, protection, safeguarding, and guarding.", "c55": "Adverbs describing intensity or degree.", "c352": "Physical Pain and Injury.", "c48": "Label: Communication Actions", "c554": "Numerical Data", "c233": "Staffing/Personnel List", "c515": "Emotions/Feelings (Negative)", "c285": "Keywords or Topics in the list: Brexit, slurs, grieving, grappling, Skripals, GRU, smog, smear, shrewd, Clooney, beetroot, Brixton, grievances, frustrate, Shkreli, Swede, Flake, slew, gruelling, gruesome, clutter, Fla, grievance, bigotry, fraught, Grenfell, crippling, ploy, trove, Gruden, gracious, plethora, Gras, frock, Froome, post-Brexit, hotspot, Gronkowski, clout, SPF, Trudeau, thwart, fracking, clemency, pro-Brexit, Sputnik, troubling, knack, sprinkle, tragedies, Thi, Gracia, Pliskova, fri, wrangling, cyberattacks, Clegg, Brumbies, fliers, chipotle, bruising, Thurman, THC, flimsy, Gronkowski, shrunk, placards, clamp, Greig, Frida, grieve, Grizzlies, Swedes, Bruyne, Thibaut, Gruden, Brie, Gracia, Fri, swagger, Thibaut, Thi,", "c232": "Positive sentiment.", "c466": "The label that best describes this list of words is \"Play/Player-related Vocabulary\".", "c276": "Label: Media/Journalism/Press/News/Reporters/Correspondent", "c416": "The label that best describes the list of words is \"Research and Study\".", "c230": "Keywords for marketing or advertising materials.", "c458": "Words related to specificity and specialization.", "c546": "Describing this list of words with a short and concise label is a bit challenging, but one possible label could be \"Adjectives and Nouns Associated with Attitudes and Behaviors\".", "c136": "Collection/Storage/Transportation of Goods.", "c17": "Physical Violence Actions", "c313": "Sports Tournaments and Championships.", "c408": "Roman numerals and related words.", "c390": "Labels: Street, jogging, sidewalk, road, Lane, highway, traffic, pavement, pedestrian, Avenue, sigh, strolling, strides, motorway, stalking, traffickers, Boulevard, freeway.", "c200": "Lighting.", "c210": "Cooking-related words.", "c213": "Words related to various groups and organizations, including religious groups, fraternities, and cults, as well as professions such as craftsmen, servants, and knights. There are also references to fairy tales and historical events such as the Crusades and the IRA.", "c127": "Environmental Contamination", "c61": "Chemical Substances and Pollution.", "c262": "The label that best describes the list of words is \"Production/Producer/Generate\".", "c57": "Keywords related to intellectual property and travel: censorship, Visa, schedule, tickets, copyright, passports, creative, royalties, theatrical, bookings, genre, fee, Transcript, USB, calendar, aesthetic, filmmakers, collective, handcuffs, credentials, patent, condom, Biennale, piracy, fingerprints.", "c134": "Hospitality and Entertainment Establishments.", "c573": "Legal Appeals and Pleadings.", "c293": "The label that best describes the list of words is \"Synonyms for 'direct', 'straight', 'single', 'alone', 'consecutive', 'sole', 'solo', 'successive', 'solitary', and 'indirect'\".", "c307": "Words related to the impact and influence of something.", "c441": "\"Keywords related to regulation and regulators\"", "c439": "Adverbs", "c349": "Label: Memory/Recollection.", "c65": "Keywords related to commitment, contribution, vulnerability, exposure, sensitivity, compliance, sacrifice, and surrender.", "c89": "Document filing and registration.", "c388": "Education-related terms", "c87": "Label: Synonyms of \"fix\" and \"solution\"", "c460": "Frequency Adverbs", "c430": "Words related to changes in quantity or degree.", "c467": "Sports", "c243": "Labels: Governance, Dominance, Superiority, Rule, Ruling, Supremacy, Dominating, Dominated, Presiding, Prevailing.", "c464": "The label that best describes the list of words is \"Self-related\".", "c381": "Emotions of Fear, Concern, and Worry.", "c319": "Keywords related to modeling, simulation, replication, and imitation.", "c46": "Words related to \"tops\", \"peaks\", \"caps\", and \"pop\"", "c326": "Words related to speed and velocity.", "c126": "Energy sources", "c2": "Keywords related to vehicles and transportation.", "c108": "Materials", "c94": "Technology and Computing.", "c532": "Abstract concepts.", "c220": "Legislation and Constitutional Reform.", "c383": "Charitable Giving.", "c14": "Descriptive words with no clear label.", "c225": "Sensations.", "c575": "Nouns.", "c398": "Temperature-related words.", "c75": "Violence/Weapons", "c370": "The label that best describes the list of words is \"Variations of the word 'lead' and 'led'\".", "c538": "Competition/Competitive Terms", "c504": "Variations of Width and Narrowness", "c64": "List of years.", "c542": "The list of words could be labeled as \"Words starting with 'per' and related terms\".", "c18": "Words related to citations and references.", "c563": "\"investigation\"", "c540": "Keywords related to pregnancy, childbirth, infancy, and parenting.", "c410": "The label that best describes this list of words is \"Death and Burial\".", "c284": "Keywords related to policies, strategies, methodologies, protocols, techniques, processes, mechanisms, procedures, tactics, logistics, and operational matters.", "c198": "Medical treatments and therapies.", "c548": "Possible label: Spelling variations of \"center\" and \"centre\".", "c306": "Repetitive use of words indicating inclusion or involvement.", "c129": "Words that express certainty, assurance, and confidence.", "c250": "Legal Issues/Controversies.", "c173": "This list of words does not have a clear theme or category, so it is difficult to provide a concise label that accurately describes all of them.", "c368": "Types of written communication", "c358": "\"Assorted Goods and Decorative Items\"", "c157": "Describing the list of words as a whole, the label that best fits is \"Adjectives describing cultural norms and traditions\".", "c291": "Residential Settlements", "c258": "Descriptive labels for this list could include: \"Words related to light and shine\", \"Glossy and sparkling vocabulary\", or simply \"Light-related vocabulary\".", "c479": "Alcohol and Beverage Industry.", "c484": "Variety, version, alternative, option, edition, installment, rendition, variation, variant, and incarnation.", "c392": "Agriculture/Farming/Ranching", "c344": "Measurement Terminology", "c412": "Names of people and places.", "c499": "Animal-related words.", "c20": "Words related to signs, symbols, markings, and slogans.", "c84": "Descriptive words related to sound and breathing.", "c88": "Possible label: Words related to paths, trails, tracks, circuits, and routes.", "c277": "Label: Selection/Choosing/Picking", "c28": "Possible label: List of words related to unions, associations, alliances, and coalitions.", "c536": "Action words related to arrival and entry.", "c373": "The label that best describes the list of words is \"Variations of the word 'call' and related names\".", "c162": "Financial/Economic Terminology", "c480": "The label that best describes the list of words is \"Variations of the word 'fall'\".", "c502": "Movement and motion.", "c164": "Sports (specifically, cycling and motorcycle racing)", "c280": "Time Series Analysis", "c579": "Social Interaction Vocabulary", "c535": "Emotional vocalizations.", "c568": "Negative emotions.", "c86": "Emotional Turmoil", "c597": "Words related to length of time.", "c470": "Natural Disasters", "c294": "Descriptive words.", "c180": "Describing the list of words as a whole, the label that best fits is \"Synonyms for Popular and Widespread\".", "c101": "Miscellaneous words", "c335": "Words related to denouncing, derogatory language, and derailing.", "c529": "Social Activism", "c244": "Neglect/Abandonment.", "c184": "Keywords or Terms", "c443": "List of words related to awards and competitions.", "c386": "Retail and Shopping.", "c521": "Keywords related to probability and potential.", "c278": "Awards and Prizes.", "c32": "Music-related words.", "c444": "Sports and Athletics.", "c402": "Higher Education Institutions", "c351": "Networking/Connections on LinkedIn", "c588": "Positive Adjectives", "c272": "Negative Emotions/Events.", "c77": "The label that best describes the list of words is \"Language-related activities\".", "c570": "Sentiment (mix of positive and negative)", "c519": "Label: Caregiving and Healthcare.", "c522": "Attempts and Efforts.", "c569": "Adverbs indicating degree or extent.", "c105": "Relationships and Marriage.", "c598": "The label that best describes the list of words is \"Variations of the word 'pass'\".", "c316": "Legal proceedings and outcomes.", "c152": "Difficulty/Obstacles/Challenges", "c418": "Online Media", "c35": "Numeric fractions and sports terms.", "c269": "Famous names and brands.", "c468": "Transportation-related terms.", "c489": "Market and Sales Data.", "c415": "List of surnames.", "c266": "Animal shelters and breeding facilities.", "c265": "List of words related to committees, boards, panels, and commissions.", "c292": "\"Terms related to guidance and protection\"", "c549": "\"Words related to mixing and combining\"", "c488": "The label that best describes this list of words is \"Variations of the word 'give' and related terms\".", "c503": "Imprisonment/Captivity", "c122": "Words are not related and do not have a common theme.", "c360": "Legislative bodies.", "c268": "Keywords related to discovery and exploration.", "c104": "Financial transactions.", "c413": "Positive Emotions/Feelings", "c192": "The label that best describes this list of words is \"Variations of the word 'use' and related terms\".", "c131": "Legal Terminology", "c427": "Legal Terminology.", "c103": "Measurement units.", "c169": "Food and Dining.", "c510": "Progress/Improvement.", "c355": "Difficulty levels", "c324": "Military/Armed Forces Labels", "c235": "Word list related to reviews and critiques.", "c571": "Product/Toy/Machine/Device/Equipment/Apparatus/Gear/Kit/Instrument/Gearing", "c93": "Aviation/Flight Industry Terminology", "c328": "FAILED REQUEST", "c216": "Health conditions and diseases.", "c363": "Action words.", "c297": "Words related to accuracy and mistakes.", "c471": "Verbs related to standing and sitting.", "c419": "Keywords related to focus and stress.", "c222": "Words related to politics and government.", "c449": "Makers, Manufacturers, Builders, Developers, Suppliers, Providers, Distributors, Policymakers, Bookmakers, Hitmakers, Holidaymakers, Drugmakers.", "c516": "Preference/Favor.", "c317": "Countries and Regions", "c587": "The label that best describes this list of words is \"Synonyms of 'return'\".", "c347": "Keywords related to surveys and statistics.", "c146": "Keywords related to buying and ownership.", "c342": "Transportation by Rail", "c576": "Furniture and Seating.", "c405": "Active Participation.", "c350": "Responsibility and Accountability.", "c581": "The label that best describes this list of words is \"Randomly Generated List of Words\".", "c100": "Fire-related vocabulary.", "c237": "Animal Kingdom", "c353": "Celebration and Commemoration.", "c469": "Possible label: \"Words related to division and separation\"", "c207": "Water bodies.", "c426": "Sea creatures and seafood.", "c450": "Sports", "c366": "The label that best describes this list of words is \"Occasions and Events\".", "c332": "Numerical Data", "c138": "Words related to the duration or legality of something.", "c384": "\"Rescue and Save actions\"", "c159": "Negative sentiment towards acceptance or approval.", "c8": "Actions involving movement: pushing, pulling, dragging, drawing.", "c525": "The label that best describes this list of words is \"Comparing/Comparison\".", "c63": "Art-related terms", "c255": "Maritime and Naval Vocabulary", "c176": "Transportation/Logistics.", "c394": "Seasons", "c13": "Actions involving carrying, wearing, and bearing.", "c448": "Stopping.", "c497": "Occurrences/Existences", "c175": "Travel-related terms.", "c498": "The label that best describes this list of words is \"Reflective/Mirrors\".", "c562": "Event Planning.", "c452": "\"Matching/Fitting\"", "c451": "Partnership/Collaboration/Cooperation/Teaming/Collaboration", "c150": "Storage Containers", "c248": "Event Types", "c323": "Descriptive words with \"un\" prefix.", "c236": "Walking and Stepping Actions", "c553": "Religious Hierarchy", "c485": "Describing this list of words with a short and concise label is difficult, as the words seem to be randomly generated and do not have a clear theme or pattern. However, if I had to choose a label, I might call it a \"hodgepodge\" or \"miscellaneous\" list of words.", "c490": "Color/Colour Variations", "c3": "Supernatural/Mythical-themed words.", "c141": "\"List of words related to actors and actresses\"", "c526": "European cities and regions.", "c428": "Topic: Immigration and Refugees.", "c51": "Space and Aerospace Technology.", "c97": "Keywords related to assessment, inspection, examination, analysis, and evaluation.", "c478": "Media Broadcasting", "c29": "Keywords/Tags.", "c177": "Cutting/Chopping Actions.", "c30": "Keywords related to nutrition and healthy lifestyle.", "c201": "Landscapes", "c227": "Keywords in a corpus of text.", "c404": "Task or Job Handling/Management", "c359": "Describing weather and environmental conditions.", "c557": "Cardinal directions.", "c179": "Wildlife Hunting and Scouting.", "c10": "Comedy/Humor", "c594": "Legal Proceedings Evidence and Testimony", "c153": "Describing this list of words with a single label is difficult as there is no clear theme or topic. However, if I had to choose one label, it would be \"Random Words\".", "c76": "Circular motion.", "c154": "Performance Outcomes.", "c577": "Water-based activities and transportation.", "c440": "Keywords related to unity, solidarity, merger, consolidation, reconciliation, incorporating, integration, and unification.", "c240": "Descriptive words with no clear label.", "c270": "Keywords related to mining, drilling, excavation, fossils, minerals, and geological specimens.", "c259": "Physical Actions.", "c53": "\"Objects for containing or covering things\"", "c397": "List of surnames with \"Mc\" or \"Mac\" prefix.", "c574": "The label that best describes this list of words is \"Weight Measurement\".", "c407": "Keywords related to various topics with no clear overarching theme.", "c472": "International Diplomacy.", "c544": "Crime and Criminality", "c158": "Words related to legal proceedings and disputes.", "c209": "Coastal Features", "c221": "Verbs related to holding and hanging.", "c505": "Names ending in \"man\"", "c253": "Words with no clear pattern or theme.", "c215": "Livestock.", "c541": "Ancestry/Genealogy.", "c500": "List of Chinese surnames and company names.", "c375": "Gambling and Gaming-related activities.", "c414": "Numerical data.", "c325": "Common Hispanic surnames.", "c520": "Sleep-related actions and states.", "c385": "Action verbs.", "c582": "The label that best describes the list of words is \"Variations of the word 'Act'\".", "c473": "Possible label: List of place names and religious figures.", "c508": "Investment and Investor mentions.", "c399": "Cleaning and Washing Actions", "c556": "Possible label: List of words related to labs, studios, and laboratories.", "c171": "Entrepreneurship/Innovation.", "c539": "Label: Words related to portrayal and representation.", "c566": "Descriptive words and names with some repetition.", "c487": "Weapons/Guns/Firearms", "c417": "Describing this list of words is difficult as they seem to be random and unrelated. However, if I had to give a label, it would be \"List of miscellaneous words\".", "c437": "Combat Sports and Wrestling.", "c320": "Latin American countries and nationalities.", "c534": "Marketing and Advertising.", "c433": "Words indicating various locations and possibilities.", "c572": "Deception/Lying.", "c495": "The label that best describes the list of words is \"Variations of the word 'roll'\".", "c403": "Descriptive words.", "c298": "The label that best describes this list of words is \"Alphabets and Proper Nouns\".", "c283": "Sounds like a list of words related to sounds made by bells, clocks, and horns.", "c380": "List of time values in 12-hour format with AM and PM labels.", "c578": "List of years.", "c517": "List of race distances in meters.", "c376": "This list of words does not provide enough context to determine a concise label. Can you please provide more information about what the list represents or what it is used for?", "c124": "Field of study: Astronomy", "c593": "Occurrences of words related to the name \"Conte\" and various forms of the word \"concede\" and \"conspire\".", "c310": "Words with the prefix \"co-\""}