{"c231": "Prepositions and verbs used as prepositions.", "c429": "Indefinite and definite articles, possessive pronouns, and demonstrative pronouns.", "c59": "Keywords related to sports management and coaching.", "c81": "Mining-related terms.", "c251": "Interrogative Pronouns and Adverbs", "c30": "The list of words does not have a clear and concise label as it appears to be a random collection of words and names.", "c259": "Education-related vocabulary.", "c58": "Pronouns", "c323": "Punctuation and Abbreviations", "c15": "Keywords related to accidents, incidents, crises, disasters, collisions, and emergencies.", "c592": "Keywords related to Russia and Ukraine.", "c319": "Adjectives and Hyphenated Phrases.", "c97": "Military/Warfare Vocabulary", "c498": "Possible label: List of words related to animals and their habitats.", "c144": "Words related to pointing and poking.", "c307": "Words related to sports and competition.", "c533": "Real Estate Properties", "c96": "Keywords related to various subjects and topics.", "c77": "Words related to proximity and distance.", "c393": "Modal verbs.", "c568": "Numerical Data.", "c273": "Numerical values.", "c346": "Age-related terms.", "c36": "Possible label: \"Words related to pairing and combinations\"", "c394": "The label that best describes this list of words is \"Sharing/Shares\".", "c439": "Descriptive labels for the list of words could be: \n- Adjectives indicating position: first, last, own, next, latter, single, solo, lone\n- Adjectives indicating entirety: entire, whole, full, wholesome\n- Pronouns indicating singularity: one, ones\n- Adjectives indicating sameness: same\n- Adjective indicating previous mention: aforementioned\n- Nouns indicating singularity: Single, Solo, Lone\n- Nouns indicating plurality: singles, ones\n- Adjective indicating similarity: Same", "c3": "Expressions of Emotion and Approval", "c127": "Astronomy and Optics-related terms.", "c198": "Conjunctions and prepositions.", "c224": "Labels: documentation, recording, interview, profile, clip, album, portrait, footage, documentary, tape, chart, biography, nonfiction, obituary, compilation, soundtrack, genealogy.", "c215": "Descriptive words of varying sizes.", "c380": "Time Intervals", "c564": "Food and Beverage Ingredients", "c587": "Multimedia", "c361": "Verbal communication.", "c80": "Workforce.", "c464": "Quantifiers", "c294": "Time units.", "c190": "Verb forms of \"come\" and \"bring\".", "c61": "Relationships/Connections.", "c353": "Religions and Political Groups in the Middle East", "c183": "Target audience", "c151": "Descriptive labels for this list could include: \n- Miscellaneous words and phrases \n- Political terms and organizations \n- Comparatives and superlatives \n- Words indicating quantity or degree \n- Allegations and accusations", "c126": "Middle Eastern Names and Places", "c170": "Legal Detention/Imprisonment.", "c300": "Connective words and phrases.", "c208": "List of words related to different countries and cities.", "c68": "Words related to Bridges and Crossing.", "c505": "List of names", "c130": "Label: \"Words related to adding or including something extra or additional\"", "c335": "Pronouns and Contractions", "c262": "The label that best describes the list of words is \"List of Verbs and Proper Nouns\".", "c244": "Descriptive words.", "c239": "The label that best describes this list of words is \"Synonyms of Knowing/Understanding\".", "c579": "The label that best describes the list of words is \"Categories/Types/Classifications\".", "c339": "Words related to guessing and assuming.", "c218": "Words related to lines and boundaries.", "c20": "Indefinite pronouns.", "c293": "Entertainment Industry Labels", "c443": "Planning and Scheduling.", "c264": "Types of Fuels", "c74": "Words related to uncertainty and doubt.", "c248": "Keywords related to energy and pressure.", "c263": "Royalty and Nobility.", "c39": "This list of words does not have a clear and concise label as it appears to be a random collection of words without a specific theme or category.", "c87": "Keywords related to heroes, rebels, knights, drama, revolution, and redemption.", "c60": "Color names.", "c544": "Animal names.", "c453": "Folklore", "c99": "Keywords related to analysis and insights by analysts and commentators.", "c16": "Geography and Sports.", "c299": "The label that best describes this list of words is \"Social and Cultural\".", "c419": "Words related to leaving and departing.", "c7": "Positive Attributes", "c21": "Words related to comfort and relief.", "c508": "Healthcare terms", "c547": "Labels: Names, Nicknames, Dubbed, Titled, Entitled, Acronym, Pseudonym, Motto, Surname, Alias, Moniker, Renamed, AKA, Initials, Mantra, Slogan.", "c64": "Gender and sexuality labels.", "c11": "Words related to staying, remaining, retaining, keeping, maintaining, and preserving.", "c104": "Unspecified/Unknown/Confidential/Indoor/Outdoor/Backstage/Underground/Upstairs/Onstage/Insider/Unpaid/Unseen/Anonymous/Undercover/VIP/Freelance/Unidentified/Outdoors/Undisclosed", "c121": "Appointment-related actions.", "c279": "Miscellaneous", "c66": "Keywords related to operations, services, actions, roles, and engagement.", "c41": "List of first names.", "c298": "Medical Terminology.", "c492": "The label that best describes this list of words is \"Months\".", "c111": "Label: Journalism/News Reporting", "c310": "Fruit and Herb Descriptors", "c366": "Frequency/Recurrence.", "c447": "\"Skills, Power, Talent, Ability, Capacity, Expertise, Prowess, Capabilities\"", "c201": "Types of settlements (including cities, towns, suburbs, villages, hamlets, boroughs, parishes, and neighborhoods) with some repetition and variations in capitalization and spelling.", "c237": "Label: Words related to newness and modernity.", "c25": "Animals", "c32": "Location names.", "c101": "The label that best describes the list of words is \"Stock-related actions and items\".", "c44": "Clothing and Accessories", "c180": "Weather-related terms.", "c315": "Time of Day", "c122": "Keywords related to nutrition and diet.", "c139": "Label: Children and Babies.", "c575": "\"Thinking and considering\"", "c204": "Farewell/Greetings/Polite Expressions", "c599": "Religious and Supernatural Entities.", "c342": "Label: Words related to human beings and their characteristics.", "c368": "Labels: Communication, Warnings, Reminders, Notifications, Alerts.", "c420": "Topic: Speaking/Talking/Conversation.", "c55": "List of male names.", "c510": "Miscellaneous", "c112": "Words related to Trump and his actions, including both positive and negative connotations.", "c243": "Labels: Adviser, Advice, Oversight, Consultation, Advisor, Consulting, Consultancy, Consultant, Advisory, Advise, Advising, Advisors.", "c373": "Adverbs of emphasis and frequency.", "c381": "The label that best describes the list of words is \"Variations of the word 'get'\".", "c362": "Adverbs of place and direction.", "c295": "Water-related items and actions.", "c102": "List of names and some other words.", "c493": "Variety/Diversity", "c195": "Keywords related to supernatural and mystical themes.", "c221": "Desires/Needs/Wants/Aspirations/Passions/Cravings/Longings/Yearnings", "c90": "Identity/Identification/Recognizing/Recognized/Recognize/Recognises/Recognised/ID/Identifies/Identified/Identifying/Acknowledge/Acknowledged/Acknowledges/Idlib/Ideologies/Idyllic. \n\n(Note: This list contains a mix of words related to identity, recognition, acknowledgement, and some specific terms like Idlib and ideologies.)", "c280": "Financial Transactions.", "c18": "Mixed emotions and experiences.", "c270": "Real Estate and Finance.", "c354": "Work-related terms.", "c304": "Status of opening and closing.", "c182": "Mixed currencies and monetary terms.", "c288": "Keywords related to citizenship, nationality, passports, visas, diplomats, ambassadors, and consular services.", "c424": "Requirements and Restrictions.", "c0": "Words that describe a lack of activity or change, or a state of being unoccupied or uninvolved: \"Inactive\"", "c536": "Writing Materials", "c459": "Fitness and Wellness", "c337": "Car Brands", "c282": "Numerical Counting and Scoring", "c196": "List of UK place names", "c507": "The label that best describes the list of words is \"Goal-oriented language\".", "c113": "Labels: punishment, enforcement, retaliation, discipline, sanctions, rewards, fines, disqualification, relegation, liability, probation, arson, felony, weed, negligence, execution, bonus, incentive.", "c593": "Spatial Directions", "c391": "Words related to achieving and gaining: Achievements, accomplishment, achieve, earned, earning, earner, earns, feat, gain, gained, gains, garner, obtained, obtain, obtaining.", "c358": "Numerical Ordinal Numbers", "c160": "Keywords related to Winning and Victory.", "c314": "The label that best describes this list of words is \"Words related to losing, loss, and casualties\".", "c404": "Location/Position Label", "c481": "Positive Emotions/Feelings", "c320": "Words related to claims and alleged claims.", "c430": "The label that best describes the list of words is \"Variations of Movement\".", "c253": "Security Breach", "c108": "Locations in the UK and Ireland.", "c137": "Descriptors of Geographic and Political Entities", "c340": "Government entities and officials.", "c260": "Possible label: \"Synonyms for Allowing/Permitting/Enabling/Letting\"", "c530": "Emotions/Reactions", "c33": "Words related to leaving or ending a position or situation.", "c369": "\"Display and demonstration\"", "c4": "Nouns related to time, situations, and conditions.", "c236": "Keywords related to infrastructure and facilities.", "c115": "Negative Sentiment", "c169": "Transportation/Communication Signal and Transfer", "c467": "Ordinal numbers from first to tenth, with some duplicates and variations in capitalization.", "c156": "Combat and Fighting.", "c311": "Words expressing probability and certainty.", "c363": "Label: Communication/Interaction", "c141": "Destruction", "c175": "Actions involving tearing or removing something forcefully.", "c571": "\"Parts and Components\"", "c520": "Jewelry and Gemstones.", "c476": "A label that best describes the given list of words is \"Age-related terms\".", "c343": "Interior Spaces", "c582": "Family and Relatives.", "c553": "Label: Writing/Writers/Authors", "c34": "Verbs indicating existence, occurrence, and appearance.", "c114": "Negative emotions and states.", "c86": "Time-related words and age-related words.", "c529": "The label that best describes the list of words is \"Variations of the verb 'take' in different tenses and forms\".", "c389": "Violence and Death.", "c222": "Social Relationships", "c417": "This list of words does not have a clear and concise label as it appears to be a random assortment of symbols and characters.", "c268": "A label that could describe this list of words is \"Random collection of words\".", "c2": "Possible label: \"List of words related to contracts, endorsements, and authorizations\"", "c386": "Locations", "c184": "Descriptive labels for the list of words could be: \"Positive Adjectives\" or \"Words with Positive Connotations\".", "c455": "Legal Terminology", "c351": "This list appears to be a collection of numerical values and some alphanumeric strings. It is difficult to provide a single label that accurately describes all the values in the list.", "c317": "Words related to borders and limits.", "c246": "Keywords/Labels: Results, Affect, Effects, Benefits, Fallout, Aftermath, Feedback, Impact, Advantage, Backlash, Outcome, Impacted, Implications, Consequences, Disadvantage, Benefiting.", "c176": "Words related to changes in quantity or quality: increase, decrease, boost, reduce, improvement, upgrade, enhancement, reduction, worsened, improved, amplified, escalated, inflated, exaggerated, distorted, intensified, heightened, enlarged, augmented, amelioration, ameliorate, ameliorated, ameliorating, ameliorates, ameliorative, ameliorator, amelioratory, better, betterment, betterments, enhance, enhanced, enhances, enhancing, enrich, enriched, enriches, enriching, enrichment, enrichments, escalate, escalated, escalates, escalating, heighten, heightened, heightening, heightens, improve, improved, improvement, improvements, improves, improving, increase, increased, increases, increasing, intensify, intensified, intensifies, intensifying, lift, lifted, lifting, lifts, optimize, optimized, optimizes, optimizing, perfect, perfected, perfecting, perfects, progress, progressed, progresses, progressing, progression, progressive, progressively, progresses, promotion, promotions, raise, raised, raises, raising, refine, refined, refinement, refinements, refines, refining, reform, reformed, reforming, reforms, rejuvenate, rejuvenated, rejuvenates, rejuvenating, rejuvenation, renew, renewed, renewing, renews, revamp, revamped, revamping, revamps, revise, revised, revises, revising, revival, revivals, revitalize, revitalized, revitalizes, revitalizing, robust, robustness, strengthen, strengthened, strengthening, strengthens, surge, surged, surges, surging, up, upgrade, upgraded, upgrades, upgrading, uplift, uplifted, uplifting, uplifts, upped, upping, upsurge, upsurged, upsurges, upsurging, upswing, upswings, upward, upwards, upwind, upwinding, upwinds.", "c1": "Keywords related to rebuilding, repairing, restoring, and renewing.", "c230": "Describing words.", "c460": "The label that best describes the list of words is \"pricing and cost-related vocabulary\".", "c211": "Descriptive words with various connotations.", "c349": "Verb forms of \"make\" and \"made\".", "c43": "Positive words and expressions.", "c188": "Toxic and Infectious Substances", "c95": "Coastal Features", "c24": "Keywords related to art, design, architecture, and engineering.", "c69": "Label: Inclusion/Integration", "c461": "The label that best describes the list of words is \"Development and Growth\".", "c179": "Keywords related to various types of organizational activities, such as projects, programs, policies, strategies, initiatives, campaigns, and tactics.", "c136": "Body Parts", "c67": "Continuous Progress/Advancement", "c322": "Luxury and Wealth.", "c388": "Temporal adverbs.", "c161": "Substance abuse.", "c119": "Label: Synonyms for \"change\" and related words.", "c85": "Random list of words.", "c450": "Possible label: \"Terms related to unity, consolidation, and merger\"", "c289": "Political Positions", "c478": "Measurement and estimation-related terms.", "c267": "Language-related terms and communication mediums.", "c50": "Media outlets and related terms.", "c377": "Visual Perception", "c524": "Movement in multiple directions.", "c374": "Miscellaneous", "c283": "Hand-related words.", "c469": "The label that best describes this list of words is \"Trading and Exchange\".", "c546": "Label: Government Officials/Ministers/Ministries", "c290": "Political/Governmental Terminology", "c110": "Repeatedly demanding or pleading for something.", "c274": "Voting and Elections.", "c88": "Labels: sports, competition, victory, defeat, facing challenges, overcoming obstacles, confronting opponents, tackling opponents.", "c331": "Label: Words related to life and living.", "c109": "Keywords related to danger and risk.", "c91": "Scientific Research and Study.", "c178": "Negotiations and Agreements.", "c442": "Keywords/Topics/Themes in Media (TV shows, movies, books, etc.)", "c9": "Sports terminology", "c537": "\"List of words related to the verb 'go'\"", "c166": "Travel destinations.", "c257": "Product Launches", "c528": "US States", "c197": "Law Enforcement Officers", "c46": "Keywords related to faith, belief, trust, hope, and prayer.", "c286": "Adverbs of time", "c192": "Actions of grabbing, catching, seizing, gripping, and capturing.", "c446": "Materials", "c209": "This list of words does not have a clear or appropriate label as it contains a mix of unrelated and potentially offensive terms.", "c539": "Decades and Centuries.", "c563": "Political ideologies and historical events.", "c153": "Event Types", "c471": "Keywords related to oppression, discrimination, bias, and inequality.", "c118": "Keywords related to surveillance, secrecy, false information, intelligence gathering, spying, rumors, gossip, and disguises.", "c56": "Underwater Archaeology.", "c326": "Political Ideologies", "c517": "The best label for this list of words is \"Miscellaneous\".", "c330": "Tourism/Visitors/Guests", "c238": "Keywords for a label could be \"crime\" or \"deception\". A possible label could be \"Criminal Activities and Deception\".", "c403": "Dependency/Dependence/Reliance/Reliance on something else.", "c51": "List of various holidays, weekends, and special occasions.", "c301": "Contractions", "c296": "The label that best describes the list of words is \"Vocabulary related to waiting and preparation\".", "c433": "Asian names and locations", "c27": "Geographic features.", "c436": "The label that best describes the list of words is \"Variety of words related to questioning and challenging\".", "c133": "Keywords in psychology, philosophy, and neuroscience.", "c79": "List of names and words with no clear label.", "c407": "Label: Help/Assistance/Aid", "c580": "Words related to organizing and arranging events or activities.", "c583": "Experience, suffering, and struggles.", "c387": "Keywords related to the environment, climate, weather, habitats, ecosystems, conservation, and wildlife.", "c303": "Keywords related to dance, gymnastics, skating, and choreography.", "c595": "Time-related futures and dates.", "c526": "Financial/Funding/Funds", "c214": "Label: \"End/Finish/Complete/Conclusion\"", "c148": "Comparative and Superlative Adjectives", "c234": "Nouns.", "c17": "The label that best describes the list of words is \"Verbs related to hearing and watching\".", "c336": "Commitment-related words.", "c123": "Label: Synonyms for \"give\" and \"offer\"", "c125": "Descriptive words for comparison and evaluation.", "c308": "Interruption/Disruption.", "c181": "List of random names and words.", "c422": "Word replacements and successions.", "c92": "Obstacles and barriers.", "c281": "Hunting/Pursuit/Chase", "c491": "Keywords related to various topics, no clear label can be assigned.", "c235": "Words and Meanings", "c499": "List of years.", "c431": "Family Members", "c210": "List of words without a clear label.", "c360": "Family members", "c370": "Businesses/Companies/Enterprises/Industries/Firms/Corporations.", "c75": "Leadership and Executive Terms", "c312": "Indicating/Implying/Suggesting/Proposing/Recommending/Hinting", "c8": "Financial Terms", "c552": "Verbs related to upward movement.", "c398": "Travel/Outdoor Activities", "c229": "Building Materials", "c423": "Topic: History and Heritage.", "c249": "The label that best describes this list of words is \"Gaming Terminology\".", "c516": "Surnames", "c332": "Descriptors of geographic scope and reach.", "c482": "The label that best describes this list of words is \"Testing and Trials\".", "c285": "Keywords related to weight classes in combat sports.", "c405": "Cleaning and Bathing Activities", "c78": "Actions involving throwing or putting objects.", "c542": "Locations in Australia, New Zealand, and Canada.", "c131": "Park/Forest/Garden/Planting/Yard Vegetation", "c54": "Possible label: \"List of words related to monitoring and screening using nets and screens\"", "c83": "Legal Evidence and Witness Testimony.", "c465": "The label that best describes this list of words is \"Variations of the word 'turn'\".", "c440": "Adverbs of Approximation", "c124": "Geometric shapes and related terms.", "c31": "Possible label: \"List of words related to sources, origins, roots, stems, and stemming\"", "c219": "Collection of Written Materials", "c522": "\"Variations of the word 'break'\"", "c157": "Keywords related to locks and keys.", "c107": "Grouping/Association Labels", "c334": "Words related to seeing and perception.", "c397": "Repetitive use of the word \"start\" and related words.", "c241": "Descriptive labels for this list could include: \n- Words related to importance or priority (e.g. main, prime, basic, primary, principal, core, major, minor)\n- Words related to foundational concepts (e.g. base, basics)\n- Words related to specific terms or brands (e.g. CoreLogic, Alpha, Beta)", "c333": "Verbs in various tenses and forms.", "c470": "Body Parts", "c452": "Descriptive words.", "c105": "Numerical quantities", "c350": "Possible label: \"List of words related to meetings and related terms\"", "c487": "Keywords related to safety, security, protection, safeguarding, guarding, and privacy.", "c149": "Descriptive words.", "c577": "Topic: Causes and Prevention", "c250": "Intensity/Severity", "c138": "Labels: injuries, disability, impairment, wounded, deaf, blind, wheelchair, and injuring.", "c172": "Keywords related to access, transparency, disclosure, scrutiny, and presentation.", "c329": "Possible label: Inventory or Assets.", "c532": "Defense-related terms.", "c28": "Possible label: List of words related to government agencies and officials.", "c186": "Negative emotions.", "c35": "Miscellaneous", "c272": "Delivery-related terms.", "c265": "Words related to love and preference.", "c392": "The label that best describes this list of words is \"Play and Players\".", "c168": "Sports Matches and Tournaments.", "c70": "Media and Press mentions.", "c76": "Keywords/Labels: emphasis, detail, stress, highlight, pose, backdrop, silhouette, accent, outline, tone, detailing, posed, stressed, highlights, accents, stressful, emphasized, emphasized, emphasized, emphasized, emphasized, emphasized, emphasized, emphasized, emphasized, emphasized, emphasized, emphasized, emphasized, emphasized, emphasized, emphasized, emphasized, emphasized, emphasized, emphasized, emphasized, emphasized, emphasized, emphasized, emphasized, emphasized, emphasized, emphasized, emphasized, emphasized, emphasized, emphasized, emphasized, emphasized, emphasized, emphasized, emphasized, emphasized, emphasized, emphasized, emphasized, emphasized, emphasized, emphasized, emphasized, emphasized, emphasized, emphasized, emphasized, emphasized, emphasized, emphasized, emphasized, emphasized, emphasized, emphasized, emphasized, emphasized, emphasized, emphasized, emphasized, emphasized, emphasized, emphasized.", "c347": "Words related to expertise and specialization.", "c205": "Keywords related to honoring and remembering someone or something, such as \"tribute\", \"memory\", \"honour\", \"salute\", \"commemorative\", \"memorial\", \"monument\", \"homage\", \"retrospective\", \"laureate\", \"honorary\", \"toast\", \"posthumously\", \"compliment\", \"Remembrance\", \"complement\", \"emeritus\", and \"Tributes\". \n\nPossible label: \"Honoring and Remembering\".", "c421": "Technology Devices and Platforms", "c356": "Labels: Packaging, Loading, Containers, Bags, Boxes, Luggage, Bundling.", "c73": "Physical Impact and Contact.", "c318": "Label: Dreams, Fantasy, Nightmares, Imagining, Envisioning, Picturing.", "c390": "This list of words does not have a clear or specific theme or pattern, so it is difficult to provide a concise label that accurately describes it.", "c385": "Road and Sidewalk Labels.", "c5": "Astronomical objects.", "c12": "Housing/Residential Labels", "c410": "Chemical Terminology", "c435": "\"Production-related actions and entities\"", "c189": "Food and Entertainment Venues.", "c531": "Label: Appeal (noun/verb)", "c472": "Adverbs of immediacy and directness.", "c445": "\"Keywords related to regulation and regulators\"", "c415": "Adverbs", "c26": "Sensory Descriptors", "c497": "Label: Memory-related words.", "c213": "Legal Proceedings and Verdicts.", "c72": "Label: Synonyms of \"fix\" and \"solution\"", "c561": "Frequency Adverbs", "c364": "Sports", "c206": "The label that best describes the list of words is \"Power and Control\".", "c441": "Emotions/Feelings (fear, concern, worry, scared, terrified, afraid, fright, etc.)", "c501": "Words related to clothing items and their parts.", "c384": "Words related to speed and pace.", "c220": "Adverbs", "c588": "Transportation modes and related terms.", "c555": "The label that best describes this list of words is \"Interior/Exterior Design Terminology\".", "c129": "Technology-related terms", "c93": "Legal Terminology", "c164": "Charitable Giving", "c256": "The label that best describes this list of words is \"Vocabulary\".", "c572": "Descriptive words.", "c511": "Nouns.", "c63": "Temperature-related words.", "c591": "The label that best describes this list of words is \"gun violence\".", "c23": "Twitter activity and related terms.", "c382": "The label that best describes the list of words is \"Variations of the word 'lead' and 'led'\".", "c199": "Sports Competition.", "c158": "Lack or absence.", "c276": "Temporal adverbs and adjectives.", "c597": "Variations of width and narrowing/broadening.", "c379": "List of years.", "c82": "Keywords related to extremism, speculation, and escalation.", "c594": "The label that best describes the list of words is \"Words related to conformity, compliance, and belonging\".", "c302": "List labeling/classification/ranking/grading/hierarchy of items.", "c98": "Event-related keywords.", "c416": "\"investigation\"", "c228": "Adult themes and topics.", "c569": "Schedule and Timing.", "c261": "Famous names and terms.", "c400": "Funeral and Burial Services.", "c341": "Protests/Resistance", "c409": "Transportation-related vocabulary.", "c53": "The label that best describes the list of words is \"Synonyms of focus and center\".", "c155": "Repetitive use of words indicating inclusion or involvement.", "c185": "Labels: clear, sure, ensure, secure, confident, practical, clinch, realistic, convinced, guarantees, reasonable, prospects, viable, likelihood, reassure, certainty, coherent, Sane.", "c297": "Miscellaneous", "c473": "Emotions", "c145": "Negative sentiment.", "c140": "Legal Terminology", "c567": "Verbs used in various contexts.", "c271": "Academia/Higher Education.", "c162": "Body Parts and Grooming Accessories.", "c103": "Keywords related to construction and building.", "c494": "Population and Settlements.", "c57": "Building Materials", "c414": "Describing this list of words with a short and concise label is difficult, as the list contains a wide variety of words related to light and brightness. However, a possible label could be \"Words related to brightness and light\".", "c395": "Alcoholic beverages.", "c488": "Geographic Locations", "c401": "Agriculture/Farming Labels", "c65": "Dimensions and Measurements", "c444": "Names", "c269": "Animal-related words.", "c406": "Numerical Data", "c527": "The label that best describes this list of words is \"Variations of the word 'sign'\".", "c574": "The label that best describes this list of words is \"Audio\".", "c52": "Possible label: Words related to paths, trails, tracks, circuits, and routes.", "c359": "Label: Selection/Choosing/Picking", "c135": "Titles and Honorifics", "c147": "Membership/Attendance/Participation/Subscription", "c367": "The label that best describes the list of words is \"Call-related words\".", "c266": "Military Units and Forces.", "c570": "List of Military Ranks and Titles", "c62": "Financial/Economic Terminology", "c412": "The label that best describes the list of words is \"Verbs indicating falling or dropping\".", "c247": "Movement Verbs", "c581": "Emotional sounds.", "c316": "Duration-related words.", "c216": "Words related to various topics, no specific label can be given.", "c42": "Common/Popularity/Abundance/Prevalence/Distribution/Spread", "c14": "Describing this list with a single label is difficult as it contains a wide range of words with different connotations. However, some possible labels could be: \"adjectives describing behavior/personality traits\", \"words related to daring and risk-taking\", or \"words related to defiance and rebellion\".", "c566": "Keywords related to social media and politics.", "c45": "Labels: activism, advocacy, innovation, pioneering, landmark, lobbying, experimentation, inventor, championing, spearheading, iconic, groundbreaking, advocating, proponents, synonymous, conceived, seminal, invented, experimenting, proponent.", "c596": "Assuming you want a label that describes the general category of these words, a possible label could be \"Types of Cords and Wires\".", "c355": "Labels: Candidates, Nominees, Contestants, Defendants, Incumbent, Challengers, Contenders, Nominations, Plaintiffs, Applicants, Finalists, Candidacy, Respondents, Champ.", "c132": "Livestock.", "c463": "Retail and Shopping Locations", "c227": "Possibility/Chance/Opportunity/Alternative/Option/Potential.", "c200": "The label that best describes this list of words is \"Awards and Grants\".", "c258": "Music-related words.", "c40": "Food and Cooking.", "c565": "Online Platforms/Services", "c408": "Sports and Athletics.", "c448": "Educational institutions", "c549": "The label that best describes this list of words is \"Variety of Forms of the Words 'Set', 'Cast', 'Setting', and 'Casting'\".", "c275": "Violent and Horrific Words", "c432": "The label that best describes the list of words is \"Variations of the word 'read'\".", "c375": "Adverbs expressing luck and fortune.", "c48": "Topic: Healthcare and caregiving.", "c232": "Attempts and Efforts.", "c554": "Degree Adverbs", "c538": "Event/Celebration/Ceremony/Festival/Carnival/Riot Symbolism.", "c217": "Words related to Marriage and Relationships.", "c475": "Genetics/Reproduction.", "c233": "Publishing/Editing/Printing", "c254": "Describing terrain and weather conditions.", "c212": "Words related to fractions and the middle: \"Fractional and Middle Terms\"", "c154": "Recreational cycling and motorcycle riding.", "c479": "Numerical values", "c378": "Driving/Piloting/Transportation", "c411": "Marketing and Sales.", "c456": "List of surnames.", "c598": "The label that best describes this list of words is \"Verbs related to following/followers\".", "c344": "Occurrences of words related to discovery and revelation.", "c278": "Auction-related terms.", "c191": "The label that best describes this list of words is \"Variations of the word 'use' and related terms\".", "c284": "Legal Terminology", "c466": "The label that best describes this list of words is \"Verbs related to charging\".", "c47": "Units of measurement", "c163": "Sports Leagues and Organizations", "c458": "Difficulty levels", "c328": "Keywords related to criticism and reviews.", "c306": "Assorted Toys and Sculptures.", "c89": "Transportation.", "c426": "Keywords related to drone automation and control.", "c413": "Actions related to standing and sitting.", "c49": "Verbs related to movement and posture.", "c19": "Words are not specific enough to provide a label. Please provide more context or information.", "c187": "Words related to manufacturing, production, and supply: makers, manufacturers, builders, factories, developers, providers, suppliers, vendors, procurement, contractors, carmakers, automakers, drugmaker, hitmaker, playmaker, autographs, Autopilot, holidaymakers, bookmakers.", "c372": "Labels: Hispanic/Latino/Caribbean countries and regions (including Haiti, Colombia, Venezuela, Mexican, Peruvian, Argentina, Cuba, Chile, Hawaii, Jamaican, Puebla, Uruguay, Guatemalan, Panamanian, Ecuadorian, Trinidad, Venezuelan, Bahamian, Nicaraguan, Venezuelan, Fijian, Tongan, Samoan, Barbadian, Liberian, Paraguayan)", "c142": "Words related to motivation and attraction.", "c128": "Keywords related to buying and owning.", "c143": "\"Modeling and Reproduction\"", "c483": "Transportation by Rail", "c534": "Furniture and seating items.", "c515": "Words with the prefix \"un\"", "c535": "The label that best describes this list of words is \"File-related actions and terms\".", "c559": "The label that best describes this list of words is \"Running/Runners\".", "c171": "Fashion and Style Terminology", "c576": "Advertising-related words.", "c167": "Fire-related words.", "c449": "Positive Adjectives", "c106": "List of words related to cultural institutions and facilities.", "c84": "Water bodies", "c509": "Marine animals and seafood.", "c71": "Maritime/Naval Vocabulary", "c376": "Words related to affiliation and association.", "c500": "Numerical Data", "c348": "Possible label: Actions related to saving and rescuing.", "c489": "Negative response or refusal.", "c287": "Actions of Traction.", "c502": "Conflict/Controversy.", "c434": "The label that best describes this list of words is \"Comparing/Comparison\".", "c150": "Markings", "c425": "Word frequency of terms related to strength and weakness.", "c504": "Seasons", "c352": "The label that best describes the list of words is \"verbs related to carrying and bearing by bears\".", "c573": "Prohibition/Banning.", "c357": "\"Stoppage\"", "c225": "Health conditions/diseases.", "c291": "Label: Removal/Exclusion/Inclusion/Eligibility/Immunity Status", "c371": "The label that best describes this list of words is \"Reflective/Mirrors/Vanity\".", "c116": "The label that best describes this list of words is \"support and hosting-related terms\".", "c100": "Expressions of gratitude, apology, guilt, regret, and forgiveness.", "c590": "Repeated words related to forgetting, neglecting, disregarding, and overlooking.", "c193": "Photography/Photographs/Photos/Photographer/Photographic", "c521": "\"Repeated instances of attacks, raids, invasions, and assaults\"", "c474": "The label that best describes this list of words is \"Job Titles and Verbs Related to Directing and Conducting\".", "c325": "Partnership/Collaboration/Cooperation/Teaming/Collaboration.", "c37": "Business-related vocabulary.", "c477": "Topic: Information and News\n\nNote: The list contains words related to information, reality, fact, news, data, truth, statistics, and their variations. However, since the list is not organized in any particular order, it is difficult to determine the exact context or theme. Therefore, the label I provided is a general one based on the most frequently occurring words in the list.", "c480": "Physical activity.", "c6": "Survival/Evasion/Escape (SERE)", "c165": "Religious Terminology", "c457": "Color/Colour Variations", "c399": "Collection/accumulation.", "c486": "Travelers/Travellers.", "c557": "Descriptive words for quality, honesty, accuracy, reliability, credibility, and integrity.", "c468": "Time Labels", "c203": "Labels: justification, reasons, factors, worth, context, precedent, impetus, motivation, catalyst, merit, clause, premise, template, footing, Worthington.", "c383": "Keywords related to migration and refugees.", "c402": "Keywords related to assessment, inspection, and examination.", "c541": "Media Broadcasting", "c194": "Possible label: List of words related to fairs, refunds, and spare parts.", "c146": "Brand-related terms.", "c589": "The label that best describes the list of words is \"announcements and declarations\".", "c396": "Keywords related to expectations and predictions.", "c428": "Detection and Observation.", "c240": "Words related to behavior and tendencies.", "c202": NaN, "c338": "Keywords related to Explosions and Warfare.", "c495": "FAILED REQUEST", "c562": "Keywords related to careers, professions, crafts, workshops, apprenticeships, and occupational training.", "c438": "Comedy/Humor", "c496": "Words related to referencing and citing.", "c38": "Movement Verbs", "c556": "Outcome labels (success/failure)", "c506": "The label that best describes this list of words is \"Fed/FedEx-related vocabulary\".", "c321": "Employment and Recruitment.", "c484": "Interest/Hobby Enthusiasm", "c22": "Words with mixed capitalization and different languages.", "c551": "List of years.", "c451": "Descriptive words without a clear theme.", "c245": "Animal names.", "c13": "Search and Mapping.", "c345": "Tableware and Awards", "c585": "Water Flowing/Rushing/Flooding", "c152": "Possible label: Words related to breaking and damage.", "c490": "A label that could describe this list of words is \"African and Oceanian countries and cities\".", "c514": "The label that best describes the list of words is \"crime-related vocabulary\".", "c584": "Descriptive words.", "c548": "The label that best describes this list of words is \"Variations of the word 'hold'\".", "c173": "Action words related to movement and physical activity.", "c513": "Individual Rights, Liberties, and Freedoms.", "c365": "Gambling and Betting.", "c519": "List of numerical values.", "c512": "The label that best describes the list of words is \"Dating/Date\".", "c292": "Words related to rest and sleep.", "c177": "\"Actions and Processes\"", "c523": "Verbs.", "c550": "The label that best describes this list of words is \"Variations of the word 'act' in different forms and cases\".", "c324": "\"Words related to splitting and dividing\"", "c255": "Legal Professionals", "c120": "Natural Disasters", "c454": "Despicable, dysfunctional, sensational, phenomenal, understandable, preventable, punishable, wearable, colorectal, generational, Rusal, callous, momentous, cavernous, retrial, characteristically, porridge, sizeable, scientifically, porous, behavioural, admirable, phenomenon, confrontational, scandalous, romantically, preferable, sartorial, Canaveral, villainous, pores, treasonous, patriarch, thunderous, cancerous, spousal, ingenious, manageable, patriarchal, artisanal, avoidable.", "c578": "International Trade Terms", "c29": "Labels: Representation, Portrayal, Delegation, Depiction, Delegate, Representatives.", "c545": "Geographic locations", "c242": "Words related to various forms of the word \"Saint\" and related terms.", "c305": "Weapons/Guns/Firearms Label", "c543": "Describing this list with a single label is difficult as it appears to be a random collection of words with no clear theme or pattern.", "c277": "Keywords related to economic hardship and distress.", "c558": "Surnames", "c560": "The label that best describes this list of words is \"Vocabulary related to fields and ranges\".", "c485": "Marketing and Advertising.", "c207": "Labels: Pro/Pro- , Anti- , Antibiotic, Antitrust, Antidote, Antisemitic/Semitic, Anti-Doping, Anti-Aircraft, Anti-Gay, Anti-Abortion, Anti-Muslim, Anti-Corruption, Anti-Social, Anti-Immigration, Anti-Establishment, Anti-Government, Pro-Independence, Pro-European, Proactive, Provocation, Pro14.", "c503": "The label that best describes this list of words is \"verb forms of wear\".", "c223": "Words indicating various locations and options: 'wherever', 'elsewhere', 'anywhere', 'nowhere', 'everywhere', 'somewhere', 'Whenever', 'whenever', 'whichever', 'Whoever'.", "c437": "Descriptive words without a clear theme.", "c327": "The label that best describes the list of words is \"Variations of the word 'roll'\".", "c117": "Word Transformation/Translation/Conversion/Interpretation", "c10": "Adjectives describing various things.", "c252": "Textile arts.", "c94": "Words related to self, co-workers, co-founders, and Cosby.", "c226": "Repetitive use of words related to hanging and ringing.", "c540": "The label that best describes this list of words is \"Variations of the word 'burn'\".", "c309": "The label that best describes the list of words is \"Words related to darkness and shadows\".", "c462": "Sports Terminology", "c134": "Nautical and Musical Terms", "c586": "Maritime Infrastructure.", "c418": "Names ending in \"man\"", "c518": "List of distances in meters and times in minutes for running races.", "c525": "This list of words does not provide enough context to determine a concise label. Can you please provide more information about what the list represents or what it is used for?", "c313": "The label that best describes the list of words is \"Variations of Wake and Stir\".", "c159": "Automotive Parts and Accessories", "c174": "Tourism and Recreation.", "c427": "Repetitive use of the word \"Seal\" in various forms."}