{"c150": "This list of words does not have a clear and concise label as it appears to be a random collection of words without any discernible pattern or theme.", "c365": "Pronouns.", "c397": "Management/Control/Supervision/Handling/Overseeing/Managing/Managers/Handles/Controlled/Supervisors.", "c198": "The label that best describes the list of words is \"Words related to focus and reflection\".", "c94": "Words indicating proximity or location.", "c374": "Interrogative and Relative Pronouns and Adverbs.", "c199": "Keywords related to education and teaching.", "c297": "Keywords: Economic problems, crises, inflation, poverty, deficits, shortages, paradoxes, and dilemmas.", "c211": "Keywords related to Ukraine, Russia, and Crimea.", "c265": "Adjectives describing characteristics or features.", "c119": "Possible label: Plumbing and HVAC vocabulary.", "c68": "Building Materials", "c118": "Keywords related to hacking, digging, drilling, and probing.", "c330": "Describing the list of words as a whole is difficult, as it appears to be a random assortment of words without any clear pattern or theme.", "c192": "Locations/Places/Establishments.", "c1": "Keywords or buzzwords in various industries or contexts.", "c307": "Modal verbs.", "c443": "Numerical Data", "c78": "Numerical data.", "c35": "Age groups", "c15": "Words related to pairings and groupings of two or more individuals, including couples, pairs, doubles, duos, triples, hybrids, tandems, quartets, and triple-doubles.", "c185": "Financial terms.", "c128": "Superlatives", "c28": "Intimate Actions.", "c317": "Photography/Photographs/Photographers/Cameras", "c296": "Keywords for Document Highlighting and Detailing", "c212": "Conjunctions and Connectives", "c385": "Descriptive words of varying sizes.", "c467": "Time Units.", "c515": "Food and Beverage Ingredients", "c227": "Media Types.", "c126": "Verbal communication.", "c406": "Pronouns and articles.", "c135": "Employment/Labor/Workforce", "c103": "Quantifiers", "c147": "Time units.", "c502": "Verb forms of \"come\" and \"bring\".", "c95": "Relationships/Interpersonal Relationships", "c133": "Middle Eastern Politics/Conflict", "c241": "Audience/Fan/Crowd/Supporter/Attendance/Reader/Viewers/Sponsorship/Spectator/Patron/Adherents/Attendees/Lovers/Enthusiasts/Fanfare", "c64": "Words with no clear pattern or theme.", "c463": "Words related to over, under, and Perdue.", "c486": "The label that best describes the list of words is \"List of various forms of the verb 'to be'\".", "c158": "Prison-related terms.", "c203": "Geographical regions and organizations.", "c14": "Possible label: Transportation infrastructure and features.", "c66": "List of names.", "c396": "Label: \"Variations of the word 'add'\"", "c413": "List of surnames and abbreviations.", "c485": "Descriptive words.", "c380": "Label: Understanding/Recognition", "c109": "Types of Forms and Shapes.", "c264": "Label: Counting and Figuring Matters and Figures", "c351": "Words related to sports and news reporting.", "c461": "Indefinite pronouns.", "c173": "Media Types", "c90": "Planning/Preparation/Ordering/Arranging/Readiness", "c590": "Cause/Trigger Verbs.", "c220": "Words related to similarity and comparison.", "c509": "Mental Stress and Pressure.", "c560": "Royalty and Monarchy.", "c239": "Miscellaneous/Unrelated.", "c189": "Keywords for Hollywood movies and entertainment industry.", "c201": "Color names.", "c304": "Animal names", "c355": "Folklore", "c18": "Occupations and Roles", "c243": "Keywords related to education and learning.", "c494": "Words related to leaving and departing.", "c232": "Words that describe strength, effectiveness, and success.", "c299": "Describing this list with a single label is difficult as it contains a variety of words related to different concepts such as freedom, independence, rights, amnesty, parole, liberty, and liberation. However, if I had to choose one label, I would say \"Desire for Freedom and Independence\".", "c480": "Target audience: Consumers, patients, users, customers, victims, stakeholders, taxpayers, shareholders, constituents, and creditors.", "c213": "Labels: naming, branding, identity, classification, designation, alias, nickname, moniker, pseudonym, titled, dubbed, labeled, classified, identified, named, entitled, brand, acronym, surname, grouping, brandishing, renamed.", "c167": "FAILED REQUEST", "c438": "Verbs indicating persistence or continuation.", "c409": "Label: \"Secrecy\"", "c151": "Verbs for throwing or placing objects.", "c180": "Keywords related to operations, actions, behavior, and functioning.", "c594": "Entertainment Venues", "c248": "List of names.", "c127": "Medical Terminology", "c37": "Medical Terminology.", "c200": "Health Conditions", "c177": "Months and related terms.", "c12": "News/Reporting/Data Sources", "c88": "Ingredients", "c599": "Frequency Adverbs", "c364": "Skills and Abilities.", "c97": "Verbs related to attending, visiting, joining, and becoming.", "c476": "\"Descriptive words with positive connotations\"", "c240": "Descriptors of different types of human settlements, including cities, towns, suburbs, neighborhoods, villages, hamlets, boroughs, and municipalities.", "c230": "Time-related adjectives and adverbs.", "c160": "Supernatural creatures and beings.", "c46": "Geographic Locations", "c215": "Hair and Head Coverings.", "c598": "Furniture and Bedding Items", "c249": "Weather conditions.", "c294": "Time of Day Labels", "c19": "Food and Nutrition.", "c219": "\"Thinking\"", "c84": "List of informal conversational words and phrases.", "c540": "Religious terms.", "c144": "Keywords related to healthcare, pensions, savings, welfare, and insurance.", "c308": "Gender-related nouns", "c229": "Apparel.", "c429": "Keywords related to communication and warnings.", "c302": "Conversation/Talking/Debate/Discussion/Speaking/Speaker/Chatting/Dialogues.", "c154": "A label that could describe this list of words is \"News Headlines\".", "c523": "Political Figures and Terms", "c261": "Labels: Adviser, Advice, Oversight, Consultation, Advisor, Consulting, Consultancy, Consultant, Advisory, Advise, Advising, Advisors.", "c24": "Indefinite pronouns.", "c568": "Adverbs of emphasis.", "c556": "The label that best describes the list of words is \"Variations of the word 'get'\".", "c337": "Prepositions and conjunctions.", "c370": "Descriptive words.", "c361": "Variety and Diversity", "c475": "Keywords related to spirituality and self-awareness.", "c53": "Connective words and phrases.", "c490": "Describing this list of words with a short and concise label is a bit difficult as the words are quite varied. However, one possible label could be \"Expressions of needs and wants\".", "c72": "Descriptive words with no clear context.", "c328": "Financial transactions related to renting, leasing, borrowing, lending, and owing.", "c218": "Intensity/Severity Labels", "c466": "Descriptive labels are difficult to assign to this list of words as they appear to be random and unrelated.", "c4": "Describing these words with a single label is difficult as they seem to be a random collection of words with no clear theme or category.", "c85": "Possible label: List of words related to opening, closing, sealing, and shutting.", "c157": "Community members", "c252": "Adjectives describing the nature of the words.", "c237": "Nationalities and Countries", "c346": "Names", "c592": "Sports scoring and goal-related terms.", "c390": "Locations", "c498": "\"Words related to goals and objectives\"", "c526": "Legal Punishment", "c11": "Keywords related to earning, receiving, gaining, securing, and recovering.", "c31": "Ordinal numbers.", "c375": "Words related to \"tops\", \"points\", \"caps\", and \"heads\".", "c393": "Keywords: Victory, Win, Winning, Triumph, Glory, Winfrey, Wintour, Wintry, Triumphant, Victorious, Win-win.\n\nLabel: Triumph and Victory.", "c543": "The label that best describes the list of words is \"Synonyms of 'lose' and 'loss'\".", "c559": "Location/Place-related words.", "c314": "Labels: Time, Season, Period, ERA, Backstage, Stage, Episode, Phase, Occasion, Stint, Tenure, Reign, Spell, Interval, Chapter.", "c20": "List of male first names.", "c156": "Natural Disasters and Emergencies", "c510": "Emotions/Feelings.", "c477": "The label that best describes this list of words is \"Movement and Relocation\".", "c25": "Verbs describing actions and events.", "c537": "Legal Enforcement and Violations.", "c581": "English counties", "c434": "Geographical subdivisions.", "c343": "Government Committees and Boards", "c196": "Action words for giving permission.", "c242": "Labels: disciplinary action, termination, delays, cancellation, suspension, dismissal, grounding, barring, discharge.", "c495": "\"Displaying and showcasing\"", "c251": "\"Terms related to situations and examples\"", "c567": "Transportation hubs and waterways.", "c292": "Keywords related to signs and signals.", "c244": "Conflict.", "c336": "Epistemic modality (expressing degrees of possibility, probability, or certainty)", "c323": "Label: Communication/Interaction.", "c43": "Negative emotions and experiences.", "c214": "Actions involving cutting, tearing, stripping, and peeling.", "c382": "\"Collection of Parts, Bits, Portions, Sections, Pieces, Chunks, Segments, Excerpts, and Fragments\"", "c82": "Objects and Natural Phenomena", "c459": "Ages and Aging", "c0": "Interior design elements and features.", "c334": "Family Heritage and Genealogy.", "c387": "Writing/Authorship.", "c155": "Words indicating the perception of something happening or existing: \"perception\"", "c288": "Events and Conferences.", "c457": "Age range", "c447": "Verb forms of \"take\".", "c141": "Death-related terms.", "c425": "Frequency/Duration Labels", "c285": "Social Connections", "c402": "Special Characters.", "c143": "This list appears to be a collection of random words and names with no clear theme or category.", "c55": "Label: Actions of support and assistance.", "c505": "Group of words related to competition and alliances.", "c499": "US States", "c377": "Legal Proceedings.", "c527": "Numerical data.", "c120": "Geometric features/attributes.", "c539": "\"Obstacles and Boundaries\"", "c399": "Keywords/Labels: Results, End, Fallout, Aftermath, Consequence, Conclusion, Backlash, Findings, Outcome, Implications, Ensuing, Culminating.", "c225": "Words related to improvement and benefit.", "c562": "Energy and Mineral Resources.", "c456": "Price-related vocabulary.", "c92": "Describing words with no clear label.", "c34": "Keywords related to incentives and rewards.", "c9": "Verb forms of \"make\" and \"do\"", "c5": "Words related to fame, popularity, controversy, and scrutiny.", "c23": "Keywords: Natural, Sustainable, Organic, Healthy, Wild, Fresh, Indigenous, Tribal, Aboriginal, Synthetic, Artificial, Greens, Raw, Newly, Wildfires, Sustainability. \n\nLabel: Natural and Sustainable Keywords.", "c114": "Coastal features", "c26": "Keywords related to architecture, building design, construction, and engineering.", "c51": "Doubt and Uncertainty.", "c583": "Label: Greetings/Invitations", "c394": "Currency Labels", "c313": "Development and Growth.", "c145": "Keywords/Labels: Project, Programme, Policy, Strategy, Initiative, Methodology, Protocol, Scheme, Process, Mechanism, Technique, Procedure, Tactic, Program.", "c379": "Body Parts.", "c36": "Luxury and Fashion.", "c347": "Temporal Adverbs", "c193": "Substance abuse.", "c544": "Words related to changes and updates.", "c318": "Label: Words related to explanation and description.", "c115": "The label that best describes this list of words is \"Random Words\".", "c331": "Abbreviations and Acronyms", "c487": "Descriptors of political entities.", "c27": "List of titles and positions in organizations and government.", "c260": "Sports team positions and ranks.", "c481": "Company names", "c408": "Visual Perception", "c410": "Directional adverbs.", "c165": "Words related to speculation and imitation.", "c578": "Hand-related words.", "c236": "Trade and Commerce.", "c392": "Government Officials and Departments", "c170": "Words related to leaving or quitting: resignation, retiring, returned, return, retirees, surrendered, withdrawing, emigrated, retired, disappear, retiree, withdrawal, conceded, resign, retreat, withdrew, succumbed, vanished, defected.", "c39": "Political Voting and Elections.", "c529": "This list of words does not have a clear and concise label as it appears to be a random assortment of words and phrases.", "c116": "Geographical locations.", "c222": "Media and Government Organizations", "c424": "Keywords related to life, career, living, residing, and livelihood.", "c253": "The label that best describes the list of words is \"Risk, Hazard, Threat, Danger Menace\".", "c86": "Science and Therapy.", "c139": "The label that best describes this list of words is \"Business Transactions\".", "c54": "Keywords/Topics/Themes/Subjects/Labels in Data Analysis or Data Science.", "c504": "Sports teams.", "c112": "Verbs of motion.", "c548": "Launch-related terms.", "c479": "Sports scores.", "c111": "List of cities/locations.", "c171": "Law Enforcement", "c321": "\"Trust and Faith-related Vocabulary\"", "c359": "Adverbs of time and degree.", "c134": "Actions involving holding, grabbing, catching, locking, and gripping.", "c358": "Metal Types", "c48": "Criminal activity.", "c10": "Music-related words.", "c269": "Decades and Centuries.", "c541": "Labels: Asian countries and languages", "c169": "Political ideologies and movements.", "c142": "Labels: Party, staff, units, team, personnel, Division, squad, club, teams, Corps, crew, Battalion, Brigade, Squadron, legion, Kits, Troop.", "c552": "Words related to authoritarian rule and dominance.", "c451": "Keywords related to surveillance and monitoring.", "c136": "Descriptive words.", "c138": "Indoor/Outdoor Locations.", "c123": "Keywords from various topics.", "c57": "Travelers/Tourists/Visitors/Guests/Passengers", "c22": "Natural Features", "c519": "Dependency/Dependence/Reliance/Reliance on something else.", "c521": "Days of the week.", "c426": "Contractions (variations of \"do not\", \"is not\", \"has not\", etc.)", "c350": "\"Problem-Solving\"", "c91": "Describing the list of words as a whole, the label could be \"Describing attitudes, opinions, and perspectives\".", "c440": "Unlabeled. The list appears to be a random collection of words with no clear theme or category.", "c228": "Labels: junior, volunteered, volunteers, senior, professional, professionally, Apprentice, freshman, sophomore, amateur, freelance, trainee, rookies, apprenticeship, intern, amateurs.", "c223": "Keywords/Labels: Politics, Law, Medicine, Sports, Business, Society, Geopolitics, Entertainment.", "c275": "Keywords related to organizations, unions, associations, societies, and federations.", "c166": "Words related to seeing and observing.", "c462": "Words describing positive traits and behaviors.", "c352": "Nature and Environment.", "c575": "Reflexive pronouns.", "c210": "Performing Arts.", "c194": "Lighting and Sky-themed Objects and Concepts.", "c389": "List of years.", "c60": "Financial Terminology", "c338": "Negative sentiment.", "c188": "Frequency Adverbs", "c363": "Verbs related to hearing and watching.", "c149": "Labels: statements, announcements, promises, declarations, vows, pledges, manifestos, decrees, proclamations, oaths, swearing.", "c530": "Disruption/Interruption/Interference/Diversion/Distraction.", "c369": "Numerical data.", "c204": "Descriptive statistics.", "c522": "List of names and some other words.", "c436": "Label: Replacement/Succession.", "c217": "Verbs of pursuit/following.", "c257": "Language/Communication Terms", "c30": "Restrictions/limitations", "c67": "This list of words does not have a clear and concise label as it appears to be a random collection of words and letters.", "c418": "List of years.", "c419": "\"Up-related words\"", "c29": "Religious terms", "c388": "Family Members", "c130": "Family Members", "c102": "Descriptive words and phrases.", "c110": "Business/Industry Labels", "c174": "Miscellaneous terms and acronyms.", "c283": "Titles and honorifics.", "c16": "List of surnames.", "c87": "Implying/Indicating/Suggesting/Proposing/Recommending/Means/Recommendation/Proposal/Suggestion/Implies.", "c70": "Financial and Legal Terms.", "c378": "Verbs related to changes in height or level.", "c176": "Modes of Transportation", "c99": "List of ranking and categorization terms.", "c319": "Historical and Cultural Eras.", "c137": "Assorted items with no clear category or theme.", "c500": "Payment-related terms.", "c181": "Label: Endurance/Survival", "c107": "Describing these words as a whole is difficult, as they do not seem to have a clear theme or category. However, some possible labels for this list of words could be: varied, diverse, random, or miscellaneous.", "c360": "The label that best describes this list of words is \"Adjectives indicating scope or extent\".", "c516": "Keywords related to testing, examination, scanning, and checking.", "c47": "Keywords related to fitness, exercise, rehabilitation, spa, pool, shower, bath, meditation, and yoga.", "c340": "Countries and regions mentioned in a list.", "c259": "Outdoor and Indoor Spaces and Features.", "c234": "Words related to confirmation and assurance.", "c315": "Positive Adjectives", "c376": "Keywords related to cricket.", "c96": "Words related to change, transformation, and movement.", "c2": "Adverbs of degree/intensity.", "c33": "Document/File Management.", "c508": "Verb forms of \"break\".", "c52": "Technology-related vocabulary.", "c597": "Label: Synonyms of \"start\" and \"begin\"", "c245": "Labels: primary, main, core, major, minor, fundamental, basics, CoreLogic, elementary, Principal, secondary, primaries, majors.", "c271": "Descriptive words for shapes.", "c238": "Words related to finance and business.", "c121": "Number Quantifiers.", "c105": "Keywords or Buzzwords", "c357": "Political Violence", "c550": "\"Occurrences of the word 'meet' and its variations\"", "c50": "Keywords related to safety, defense, security, protection, safeguarding, and privacy.", "c300": "Descriptive words.", "c367": "Medical Conditions/Injuries", "c344": "Keywords related to disclosure, admission, and revelation.", "c430": "Descriptive labels for this list could be: \"Words indicating addition, increase, or enhancement\"", "c44": "Property and Asset Management.", "c83": "\"Titles and Roles in an Organization\"", "c122": "Negative emotions", "c62": "Delivery/Supply/Presentation/Introduction", "c401": "Miscellaneous words", "c295": "Responsibilities and duties.", "c81": "Positive emotions/feelings.", "c574": "Activity related to participating in a game or sport.", "c571": "Sports events and competitions.", "c362": "Broadcasting/media outlets and channels.", "c325": "Research/Exploration/Experimentation.", "c454": "Words that indicate specificity or emphasis.", "c8": "Negative Emotions/States", "c187": "This list of words does not have a clear and concise label as it appears to be a random collection of words without a specific theme or category.", "c221": "Space Exploration", "c473": "List of words related to print media.", "c309": "Australian cities, states, and sports teams.", "c56": "Actions related to packing and organizing items.", "c267": "Physical Violence", "c354": "Labels: Promotional materials for sports events (trailers, teasers, promos), Auditions, Drafts, Halftime shows, Playoffs, Finals, Overtime, Shootouts, Punters, Kickoffs, Rehearsals, Preseason, Quarterfinals, Semifinals, Penultimate.", "c591": "Dreams, Nightmares, and Fantasy.", "c423": "Road/Street/Avenue/Highway Labels", "c534": "Electronics and Telecommunications Devices and Services", "c206": "Materials and Cosmetics", "c71": "Cooking and Food.", "c553": "Housing and Accommodation.", "c517": "Environmental Pollution", "c274": "FAILED REQUEST", "c311": "Label: Production/Creating/Generating/Producers/Produce/Producer", "c422": "Types of establishments in the hospitality industry (e.g. hotels, restaurants, bars, cafes, resorts, inns, taverns, pubs, motels, casinos).", "c561": "Enjoyment/Entertainment", "c455": "Legal Appeals and Pleadings.", "c293": "Words related to direction and guidance.", "c373": "Words related to the impact and influence of something.", "c414": "\"Keywords related to regulation and regulators\"", "c415": "Adverbs", "c7": "Sensory Perception", "c542": "Memory-related actions.", "c332": "Compliance and Authorization.", "c573": "Education and Certification Registration and Licensing.", "c256": "Administrative and Government Agencies/Departments/Officials.", "c132": "Access/Entry Tracking", "c276": "Label: Requesting/Asking/Demanding Requirements/Requests", "c205": "Overcoming/Defeating Challenges.", "c291": "Possible label: Synonyms of \"solve\", \"fix\", \"settle\", and \"resolve\".", "c301": "Publishing/Printing Terminology", "c478": "Emotions of Fear, Concern, and Worry", "c324": "Words related to speed and velocity.", "c381": "Energy and Power Sources.", "c38": "Adverbs", "c79": "Automotive Terminology", "c190": "Technology/Startups/Innovation/Entrepreneurship", "c564": "\"Concepts and Theories\"", "c159": "Legal Terminology", "c546": "Charitable Giving.", "c489": "Descriptive Vocabulary", "c383": "Nouns", "c525": "Temperature-related words.", "c195": "Footwear.", "c366": "Ethnicities and Countries in Eastern Europe and Central Asia", "c164": "Activity related to hunting and shooting.", "c100": "Label: Participation/Competition Engagement", "c197": "Explosive/Explosions.", "c202": "List of years.", "c93": "Words related to politics and power struggle.", "c570": "Measurement units and fractions.", "c272": "Diplomacy and Consular Affairs.", "c493": "Dedication and Commitment.", "c279": "Investigation Techniques/Methods", "c372": "Negative Behaviors/Actions", "c40": "Adverbs with varying degrees of intensity and negativity.", "c289": "Family and Reproduction.", "c131": "Event organization.", "c464": "Funeral and Burial Related Terms", "c235": "Protests/Resistance", "c146": "Sports.", "c348": "Repetitive use of words indicating inclusion or involvement.", "c247": "Unrelated words", "c514": "Emotional Intensity", "c565": "Action verbs.", "c73": "Education-related terms.", "c207": "Home Decor and Toys", "c577": "Descriptive words for light and shine.", "c506": "Alcoholic beverages.", "c306": "Agriculture/Farming/Ranching", "c80": "Measurement terms", "c458": "Names", "c535": "Numerical Data", "c140": "Descriptive label: List of words related to sound and breathing.", "c125": "Keywords related to racing and tracking.", "c303": "Label: Choosing/Selection/Picking/Picking Options", "c74": "Labels: Actors, Actresses, Characters, Heroes, Heroines, Protagonists, Stars, Starlets, Villains, Stardom, Fandom, Starring, Stellar.", "c472": "The label that best describes the list of words is \"Call-related actions and verbs in various tenses\".", "c453": "Building Maintenance and Renovation.", "c216": "Deception", "c6": "Banking and Finance.", "c162": "Falling, Slipping, Diving, Sinking, Tumbling, Plunging, Sliding, Dipping, and Diving.", "c61": "Sports involving racing and riding, including cycling, motorcycle racing, and marathons.", "c13": "Keywords related to data analysis and forecasting.", "c45": "Miscellaneous/No clear label.", "c404": "Emotional expressions", "c513": "Violence and Destruction.", "c69": "Physical Movement and Action.", "c246": "Negative Emotions/Feelings.", "c106": "Words related to various topics, no specific label can be given.", "c545": "Advocacy/Activism/Lobbying/NGOs", "c168": "Neglect/Abandonment.", "c17": "Labels: journalism, reporters, interviews, columns, essays, autobiography, memoirs, documentaries, podcast, biography, correspondent, articles, blogging, diary.", "c262": "List of words does not have a clear theme or context, so it is difficult to provide a concise label that accurately describes it.", "c63": "List of animal-related words.", "c450": "The label that best describes this list of words is \"wait/await/Waitrose\".", "c547": "Label: Maintenance/Preservation/Retention/Conservation", "c371": "Retail and Shopping.", "c339": "Possibilities/Opportunities/Chances/Options/Alternatives/Potential", "c417": "Awards and Prizes.", "c98": "Art-related words", "c148": "This list of words does not have a clear and concise label as it contains a wide variety of words that do not have a common theme or category.", "c452": "Sports and Athletics.", "c286": "Recruitment/ Hiring/ Appointment/ Deployment/ Assignment/ Installation/ Dispatch", "c298": "Words related to Law and Society.", "c113": "The label that best describes the list of words is \"Language-related activities\".", "c446": "Adverbs expressing different emotions or outcomes.", "c584": "Attempts and Efforts.", "c76": "Peaceful/Calming/Relaxing", "c183": "Relationships/Marriage", "c468": "Legal Charges and Allegations.", "c282": "Technology-related keywords.", "c386": "List of universities.", "c555": "Driving/Piloting/Transportation", "c595": "Words related to occupancy and possession.", "c186": "Geographic Locations", "c449": "Surnames", "c441": "Topic: Immigration and Refugees.", "c558": "Fluid Movement.", "c255": "Furniture and Dining-related Terms.", "c538": "Mixing/Blending/Combining", "c437": "Verbs related to giving and granting.", "c226": "Decline/Collapse.", "c483": "Label: Synonyms for discovering or finding.", "c470": "The label that best describes this list of words is \"Variations of the word 'use' and related terms\".", "c281": "Legal Terminology", "c124": "Sports Leagues and Organizations", "c327": "Negotiations/Disputes/Agreements", "c391": "Difficulty level", "c416": "List of Car Brands", "c266": "Military and Naval Forces.", "c349": "Words related to reviews and criticism.", "c175": "Keywords related to aviation and aerospace.", "c312": "Photography-related verbs and nouns.", "c432": "Describing this list of words with a single label is difficult, but a possible label could be \"Issues with Accuracy and Quality\".", "c3": "Movement/Posture", "c270": "Words related to various actions and events, no specific label can be given.", "c579": "Wealth and Poverty.", "c21": "Movement/Action Words", "c209": "Businesses and Manufacturers", "c531": "Words related to preferences and favorites.", "c42": "Sales and Purchases.", "c104": "Words related to motivation and persuasion.", "c580": "Transportation by Rail", "c492": "\"Words with 'Mid' or 'Late' or 'Early'\"", "c273": "Molecular Biology.", "c329": "Marketing and Advertising.", "c395": "Label: Fire-related words", "c182": "Units of measurement.", "c551": "The label that best describes this list of words is \"verbs related to conducting transactions or proceedings\".", "c353": "Weapons and Warfare.", "c501": "Honors and Memorials.", "c191": "Keywords related to cultural institutions and their functions.", "c316": "Water bodies.", "c431": "List of cities/states in the United States", "c278": "Legislative Bodies.", "c405": "Marine Animals", "c178": "Sports and Activities.", "c400": "Occasions/Holidays", "c322": "Numerical Data", "c284": "Describing the list of words with a single label is difficult as the words are diverse and do not have a clear common theme. However, some possible labels could be: \"Adverbs and Adjectives\", \"Legal and Illegal Terms\", \"Intentional and Unintentional Actions\", \"Temporary and Permanent States\", \"Voluntary and Involuntary Actions\", \"Valid and Invalid Actions\".", "c403": "\"Rescue actions/activities\"", "c108": "Keywords or Terms", "c335": "The label that best describes the list of words is \"Words related to acceptance and rejection\".", "c254": "Actions involving pulling and drawing.", "c557": "\"Comparison and Contrast\"", "c224": "Achievement/Completion", "c208": "Words that indicate completeness or entirety.", "c488": "Social Injustice", "c465": "Describing the list of words as a whole, a possible label could be \"Vocabulary related to strength and weakness\".", "c585": "Nautical Transportation and Vessels.", "c528": "Buildings and Structures.", "c532": "Seasons.", "c184": "Actions related to carrying, wearing, and bearing.", "c484": "\"Stop-related actions\"", "c233": "Agricultural Processes", "c277": "Descriptive words.", "c161": "Destruction/Removal", "c32": "Desires/Intentions/Expectations/Aspirations", "c342": "Keywords related to natural phenomena and winter sports.", "c101": "Expressions of gratitude, blame, credit, apology, pardon, and attribution.", "c163": "Drug-related terms.", "c572": "Violence and Crime.", "c172": "Collaboration/Partnership/Alliance/Coalition/Cooperation/Coordination/Teaming/Collective/Consortium.", "c435": "\"Separation\"", "c345": "Facial features", "c593": "Containers", "c427": "Words with the prefix \"un\"", "c471": "Religious Hierarchy", "c179": "Color and Pattern Description", "c512": "\"Service and Treatment Related Words\"", "c554": "Avoidance/Evasion/Escape/Dodging/Fleeing", "c445": "Network/Connectivity.", "c511": "The label that best describes the list of words is \"Words starting with the letter K\".", "c65": "Descriptive words.", "c433": "Actions related to size change.", "c263": "Keywords related to camping and shelter.", "c41": "Actions involving physical contact and movement, such as pressing, pushing, touching, tapping, bumping, rubbing, scratching, scraping, and brushing.", "c448": "Travel-related activities.", "c420": "Comedy/Humor.", "c58": "Natural Disasters and Weather Phenomena.", "c569": "Legal Proceedings Evidence and Testimony", "c356": "Words related to referencing and citing.", "c411": "Success and Failure.", "c428": "Transportation-related terms.", "c305": "\"Integration and Unity\"", "c320": "Unlabeled data.", "c75": "Label: List of words related to currency and writing instruments.", "c518": "List of years", "c59": "Keywords related to plants, insects, and extinct organisms.", "c287": "Data Collection and Analysis.", "c596": "Animal-related words.", "c536": "List of surnames with the prefix \"Mc\"", "c407": "Describing these words as a whole is difficult, as they are a mix of positive and negative traits. However, some possible labels for this list could be: \n- Personality traits \n- Adjectives \n- Descriptive words \n- Character traits", "c310": "Walking and Roaming", "c496": "This list appears to be a collection of Welsh words and names, and does not have a clear label or theme.", "c442": "Descriptive words and proper nouns.", "c341": "Names", "c503": "Countries in Africa", "c491": "Keywords related to various topics with no clear overarching theme.", "c587": "Criminal Offenses", "c268": "Reasoning and Justification", "c117": "List of Names and Keywords.", "c333": "European cities and regions.", "c549": "International Names and Places", "c77": "Tools and Weapons.", "c152": "Celebration and Rituals.", "c421": "Gambling and Betting.", "c326": "Numerical data.", "c250": "Occupational roles in quality control and assessment.", "c49": "Sleep-related verbs.", "c563": "Verbs ending in \"-ing\"", "c474": "Investment and Investor mentions.", "c153": "Keywords related to various topics, no single label can accurately describe the list.", "c89": "Sports positions and actions.", "c589": "Legal Professionals", "c586": "Illegal trade and transportation of goods (including smuggling, trafficking, laundering, and shipping)", "c482": "Label: Describing or discussing the act of portraying or representing something or someone.", "c576": "Descriptive words with no clear label.", "c507": "Firearms", "c231": "Describing this list with a single label is difficult as it appears to be a random collection of words with no clear theme or pattern.", "c582": "Label: Laughter/Smiling", "c280": "Optical Devices", "c444": "Cleaning and Waste Management.", "c460": "Combat Sports and Wrestling.", "c398": "Latin American countries", "c469": "Surnames", "c588": "Animal names.", "c129": "Words related to names, titles, and positions.", "c258": "Words related to advertising and branding.", "c520": "Words indicating different locations and lack of specificity.", "c368": "Adjectives ending in \"-less\"", "c290": "Military Personnel", "c566": "The label that best describes the list of words is \"Self-related terms\".", "c497": "Names ending in \"man\"", "c384": "Time schedule.", "c524": "List of distances in meters and times in minutes for running races.", "c439": "This list of words does not provide enough context to determine a concise label. Can you please provide more information about what the list represents or what it is used for?", "c412": "The label that best describes the list of words is \"Variations of Wake and Stir\".", "c533": "Disability-related terms."}